2025-12-11 16:09:28,115 - MainThread - INFO - [Main] A arrancar Nave-Mãe...
2025-12-11 16:09:28,115 - Telemetry-TCP - INFO - Servidor Telemetria à escuta na porta 50010
2025-12-11 16:09:28,115 - Mission_Link-UDP - INFO - Servidor Mission Link inicializado com sucesso
2025-12-11 16:09:28,115 - API-HTTP - INFO - [API] A iniciar servidor HTTP na porta 8080...
2025-12-11 16:09:28,115 - MainThread - INFO - [Main] Serviço lançado.
2025-12-11 16:09:28,116 - API-HTTP - INFO - [API] Servidor API Online.
2025-12-11 16:10:00,407 - Sync - INFO - Rover 1 (10.0.4.20:57193) -> Nave Mae: sync request
2025-12-11 16:10:00,408 - Thread-1 (handle_rover_telemetry) - INFO - Handler iniciado para ('10.0.4.20', 53760)
2025-12-11 16:10:00,615 - Thread-1 (handle_rover_telemetry) - INFO - RX Rover 1: Pos(78.6,59.1) Bat(100.0%) Est(parado)
2025-12-11 16:10:04,412 - Mission_Link-UDP - INFO - Rover 1: Pedido de Missão.
2025-12-11 16:10:04,412 - Mission_Link-UDP - INFO - Atribuida 1 a Rover 1
2025-12-11 16:10:05,622 - Thread-1 (handle_rover_telemetry) - INFO - RX Rover 1: Pos(78.6,59.1) Bat(99.0%) Est(parado)
2025-12-11 16:10:11,029 - Thread-1 (handle_rover_telemetry) - INFO - RX Rover 1: Pos(78.6,59.1) Bat(98.2%) Est(parado)
2025-12-11 16:10:15,630 - Thread-1 (handle_rover_telemetry) - INFO - RX Rover 1: Pos(61.2,49.2) Bat(96.0%) Est(a_caminho)
2025-12-11 16:10:20,426 - Thread-1 (handle_rover_telemetry) - INFO - RX Rover 1: Pos(39.5,36.8) Bat(93.5%) Est(a_caminho)
2025-12-11 16:10:25,432 - Thread-1 (handle_rover_telemetry) - INFO - RX Rover 1: Pos(17.8,24.4) Bat(91.0%) Est(a_caminho)
2025-12-11 16:10:30,437 - Thread-1 (handle_rover_telemetry) - INFO - RX Rover 1: Pos(13.4,21.9) Bat(88.5%) Est(em_missao)
2025-12-11 16:10:35,442 - Thread-1 (handle_rover_telemetry) - INFO - RX Rover 1: Pos(13.4,21.9) Bat(86.0%) Est(em_missao)
2025-12-11 16:10:40,447 - Thread-1 (handle_rover_telemetry) - INFO - RX Rover 1: Pos(13.4,21.9) Bat(83.5%) Est(em_missao)
2025-12-11 16:10:45,654 - Thread-1 (handle_rover_telemetry) - INFO - RX Rover 1: Pos(13.4,21.9) Bat(81.0%) Est(em_missao)
2025-12-11 16:10:50,456 - Thread-1 (handle_rover_telemetry) - INFO - RX Rover 1: Pos(13.4,21.9) Bat(78.5%) Est(em_missao)
2025-12-11 16:10:55,670 - Thread-1 (handle_rover_telemetry) - INFO - RX Rover 1: Pos(13.4,21.9) Bat(76.0%) Est(em_missao)
2025-12-11 16:11:00,462 - Thread-1 (handle_rover_telemetry) - INFO - RX Rover 1: Pos(13.4,21.9) Bat(73.5%) Est(em_missao)
2025-12-11 16:11:05,467 - Thread-1 (handle_rover_telemetry) - INFO - RX Rover 1: Pos(13.4,21.9) Bat(71.0%) Est(em_missao)
2025-12-11 16:11:10,472 - Thread-1 (handle_rover_telemetry) - INFO - RX Rover 1: Pos(13.4,21.9) Bat(68.5%) Est(em_missao)
2025-12-11 16:11:15,686 - Thread-1 (handle_rover_telemetry) - INFO - RX Rover 1: Pos(13.4,21.9) Bat(66.0%) Est(em_missao)
2025-12-11 16:11:20,483 - Thread-1 (handle_rover_telemetry) - INFO - RX Rover 1: Pos(13.4,21.9) Bat(63.5%) Est(em_missao)
2025-12-11 16:11:25,488 - Thread-1 (handle_rover_telemetry) - INFO - RX Rover 1: Pos(13.4,21.9) Bat(61.0%) Est(em_missao)
2025-12-11 16:11:30,702 - Thread-1 (handle_rover_telemetry) - INFO - RX Rover 1: Pos(13.4,21.9) Bat(58.5%) Est(em_missao)
2025-12-11 16:11:35,499 - Thread-1 (handle_rover_telemetry) - INFO - RX Rover 1: Pos(13.4,21.9) Bat(56.0%) Est(em_missao)
2025-12-11 16:11:40,505 - Thread-1 (handle_rover_telemetry) - INFO - RX Rover 1: Pos(13.4,21.9) Bat(53.5%) Est(em_missao)
2025-12-11 16:11:45,509 - Thread-1 (handle_rover_telemetry) - INFO - RX Rover 1: Pos(13.4,21.9) Bat(51.0%) Est(em_missao)
2025-12-11 16:11:50,513 - Thread-1 (handle_rover_telemetry) - INFO - RX Rover 1: Pos(13.4,21.9) Bat(48.5%) Est(em_missao)
2025-12-11 16:11:53,518 - Mission_Link-UDP - INFO - Rover 1: Missão Concluída.
2025-12-11 16:11:53,518 - Mission_Link-UDP - INFO - Mission 1 guardada.
2025-12-11 16:11:55,518 - Thread-1 (handle_rover_telemetry) - INFO - RX Rover 1: Pos(13.4,21.9) Bat(46.6%) Est(parado)
2025-12-11 16:11:57,523 - Mission_Link-UDP - INFO - Rover 1: Pedido de Missão.
2025-12-11 16:11:57,523 - Mission_Link-UDP - INFO - Atribuida 3 a Rover 1
2025-12-11 16:12:00,524 - Thread-1 (handle_rover_telemetry) - INFO - RX Rover 1: Pos(23.3,20.4) Bat(45.0%) Est(a_caminho)
2025-12-11 16:12:05,734 - Thread-1 (handle_rover_telemetry) - INFO - RX Rover 1: Pos(48.0,16.6) Bat(42.5%) Est(a_caminho)
2025-12-11 16:12:10,534 - Thread-1 (handle_rover_telemetry) - INFO - RX Rover 1: Pos(72.7,12.7) Bat(40.0%) Est(a_caminho)
2025-12-11 16:12:15,742 - Thread-1 (handle_rover_telemetry) - INFO - RX Rover 1: Pos(87.5,10.4) Bat(37.5%) Est(em_missao)
2025-12-11 16:12:20,541 - Thread-1 (handle_rover_telemetry) - INFO - RX Rover 1: Pos(87.5,10.4) Bat(35.0%) Est(em_missao)
2025-12-11 16:12:25,543 - Thread-1 (handle_rover_telemetry) - INFO - RX Rover 1: Pos(87.5,10.4) Bat(32.5%) Est(em_missao)
2025-12-11 16:12:30,546 - Thread-1 (handle_rover_telemetry) - INFO - RX Rover 1: Pos(87.5,10.4) Bat(30.0%) Est(em_missao)
2025-12-11 16:12:35,966 - Thread-1 (handle_rover_telemetry) - INFO - RX Rover 1: Pos(87.5,10.4) Bat(27.5%) Est(em_missao)
2025-12-11 16:12:40,556 - Thread-1 (handle_rover_telemetry) - INFO - RX Rover 1: Pos(87.5,10.4) Bat(25.0%) Est(em_missao)
2025-12-11 16:12:45,558 - Thread-1 (handle_rover_telemetry) - INFO - RX Rover 1: Pos(87.5,10.4) Bat(22.5%) Est(em_missao)
2025-12-11 16:12:50,561 - Thread-1 (handle_rover_telemetry) - INFO - RX Rover 1: Pos(87.5,10.4) Bat(20.0%) Est(em_missao)
2025-12-11 16:12:55,566 - Thread-1 (handle_rover_telemetry) - INFO - RX Rover 1: Pos(87.5,10.4) Bat(17.5%) Est(em_missao)
2025-12-11 16:13:02,230 - Thread-1 (handle_rover_telemetry) - INFO - RX Rover 1: Pos(87.5,10.4) Bat(15.0%) Est(em_missao)
2025-12-11 16:13:05,577 - Thread-1 (handle_rover_telemetry) - INFO - RX Rover 1: Pos(87.5,10.4) Bat(12.5%) Est(em_missao)
2025-12-11 16:13:10,582 - Thread-1 (handle_rover_telemetry) - INFO - RX Rover 1: Pos(87.5,10.4) Bat(10.0%) Est(em_missao)
2025-12-11 16:13:15,790 - Thread-1 (handle_rover_telemetry) - INFO - RX Rover 1: Pos(87.5,10.4) Bat(7.5%) Est(em_missao)
2025-12-11 16:13:20,592 - Thread-1 (handle_rover_telemetry) - INFO - RX Rover 1: Pos(87.5,10.4) Bat(5.0%) Est(em_missao)
2025-12-11 16:13:22,602 - Mission_Link-UDP - INFO - Rover 1: Missão Concluída.
2025-12-11 16:13:22,603 - Mission_Link-UDP - INFO - Mission 3 guardada.
2025-12-11 16:13:25,806 - Thread-1 (handle_rover_telemetry) - WARNING - AVISO: Rover 1 reporta BATERIA FRACA (3.8%). A Recarregar...
2025-12-11 16:13:25,806 - Thread-1 (handle_rover_telemetry) - INFO - RX Rover 1: Pos(87.5,10.4) Bat(3.8%) Est(low_power_sl)
2025-12-11 16:13:26,608 - Mission_Link-UDP - INFO - Rover 1: Pedido de Missão.
2025-12-11 16:13:30,602 - Thread-1 (handle_rover_telemetry) - WARNING - AVISO: Rover 1 reporta BATERIA FRACA (3.8%). A Recarregar...
2025-12-11 16:13:30,603 - Thread-1 (handle_rover_telemetry) - INFO - RX Rover 1: Pos(87.5,10.4) Bat(3.8%) Est(low_power_sl)
2025-12-11 16:13:35,608 - Thread-1 (handle_rover_telemetry) - WARNING - AVISO: Rover 1 reporta BATERIA FRACA (3.8%). A Recarregar...
2025-12-11 16:13:35,608 - Thread-1 (handle_rover_telemetry) - INFO - RX Rover 1: Pos(87.5,10.4) Bat(3.8%) Est(low_power_sl)
2025-12-11 16:13:40,611 - Thread-1 (handle_rover_telemetry) - WARNING - AVISO: Rover 1 reporta BATERIA FRACA (3.8%). A Recarregar...
2025-12-11 16:13:40,611 - Thread-1 (handle_rover_telemetry) - INFO - RX Rover 1: Pos(87.5,10.4) Bat(3.8%) Est(low_power_sl)
2025-12-11 16:13:45,616 - Thread-1 (handle_rover_telemetry) - WARNING - AVISO: Rover 1 reporta BATERIA FRACA (3.8%). A Recarregar...
2025-12-11 16:13:45,617 - Thread-1 (handle_rover_telemetry) - INFO - RX Rover 1: Pos(87.5,10.4) Bat(3.8%) Est(low_power_sl)
2025-12-11 16:13:50,622 - Thread-1 (handle_rover_telemetry) - WARNING - AVISO: Rover 1 reporta BATERIA FRACA (3.8%). A Recarregar...
2025-12-11 16:13:50,622 - Thread-1 (handle_rover_telemetry) - INFO - RX Rover 1: Pos(87.5,10.4) Bat(3.8%) Est(low_power_sl)
2025-12-11 16:13:55,627 - Thread-1 (handle_rover_telemetry) - INFO - RX Rover 1: Pos(87.5,10.4) Bat(99.6%) Est(parado)
2025-12-11 16:13:56,636 - Mission_Link-UDP - INFO - Rover 1: Pedido de Missão.
2025-12-11 16:13:56,636 - Mission_Link-UDP - INFO - Atribuida 2 a Rover 1
2025-12-11 16:14:00,632 - Thread-1 (handle_rover_telemetry) - INFO - RX Rover 1: Pos(79.3,22.9) Bat(97.4%) Est(a_caminho)
2025-12-11 16:14:05,637 - Thread-1 (handle_rover_telemetry) - INFO - RX Rover 1: Pos(65.6,43.8) Bat(94.9%) Est(a_caminho)
2025-12-11 16:14:10,846 - Thread-1 (handle_rover_telemetry) - INFO - RX Rover 1: Pos(57.4,56.4) Bat(92.4%) Est(em_missao)
2025-12-11 16:14:15,648 - Thread-1 (handle_rover_telemetry) - INFO - RX Rover 1: Pos(57.4,56.4) Bat(89.9%) Est(em_missao)
2025-12-11 16:14:20,862 - Thread-1 (handle_rover_telemetry) - INFO - RX Rover 1: Pos(57.4,56.4) Bat(87.4%) Est(em_missao)
2025-12-11 16:14:25,659 - Thread-1 (handle_rover_telemetry) - INFO - RX Rover 1: Pos(57.4,56.4) Bat(84.9%) Est(em_missao)
2025-12-11 16:14:30,871 - Thread-1 (handle_rover_telemetry) - INFO - RX Rover 1: Pos(57.4,56.4) Bat(82.4%) Est(em_missao)
2025-12-11 16:14:35,666 - Thread-1 (handle_rover_telemetry) - INFO - RX Rover 1: Pos(57.4,56.4) Bat(79.9%) Est(em_missao)
2025-12-11 16:14:40,877 - Thread-1 (handle_rover_telemetry) - INFO - RX Rover 1: Pos(57.4,56.4) Bat(77.4%) Est(em_missao)
2025-12-11 16:14:45,676 - Thread-1 (handle_rover_telemetry) - INFO - RX Rover 1: Pos(57.4,56.4) Bat(74.9%) Est(em_missao)
2025-12-11 16:14:50,680 - Thread-1 (handle_rover_telemetry) - INFO - RX Rover 1: Pos(57.4,56.4) Bat(72.4%) Est(em_missao)
2025-12-11 16:14:55,685 - Thread-1 (handle_rover_telemetry) - INFO - RX Rover 1: Pos(57.4,56.4) Bat(69.9%) Est(em_missao)
2025-12-11 16:15:00,691 - Thread-1 (handle_rover_telemetry) - INFO - RX Rover 1: Pos(57.4,56.4) Bat(67.4%) Est(em_missao)
2025-12-11 16:15:05,696 - Thread-1 (handle_rover_telemetry) - INFO - RX Rover 1: Pos(57.4,56.4) Bat(64.9%) Est(em_missao)
2025-12-11 16:15:10,702 - Thread-1 (handle_rover_telemetry) - INFO - RX Rover 1: Pos(57.4,56.4) Bat(62.4%) Est(em_missao)
2025-12-11 16:15:15,707 - Thread-1 (handle_rover_telemetry) - INFO - RX Rover 1: Pos(57.4,56.4) Bat(59.9%) Est(em_missao)
2025-12-11 16:15:21,126 - Thread-1 (handle_rover_telemetry) - INFO - RX Rover 1: Pos(57.4,56.4) Bat(57.4%) Est(em_missao)
2025-12-11 16:15:25,714 - Thread-1 (handle_rover_telemetry) - INFO - RX Rover 1: Pos(57.4,56.4) Bat(54.9%) Est(em_missao)
2025-12-11 16:15:30,719 - Thread-1 (handle_rover_telemetry) - INFO - RX Rover 1: Pos(57.4,56.4) Bat(52.4%) Est(em_missao)
2025-12-11 16:15:35,934 - Thread-1 (handle_rover_telemetry) - INFO - RX Rover 1: Pos(57.4,56.4) Bat(49.9%) Est(em_missao)
2025-12-11 16:15:40,730 - Thread-1 (handle_rover_telemetry) - INFO - RX Rover 1: Pos(57.4,56.4) Bat(47.4%) Est(em_missao)
2025-12-11 16:15:45,736 - Thread-1 (handle_rover_telemetry) - INFO - RX Rover 1: Pos(57.4,56.4) Bat(44.9%) Est(em_missao)
2025-12-11 16:15:50,942 - Thread-1 (handle_rover_telemetry) - INFO - RX Rover 1: Pos(57.4,56.4) Bat(42.4%) Est(em_missao)
2025-12-11 16:15:55,745 - Thread-1 (handle_rover_telemetry) - INFO - RX Rover 1: Pos(57.4,56.4) Bat(39.9%) Est(em_missao)
2025-12-11 16:16:00,750 - Thread-1 (handle_rover_telemetry) - INFO - RX Rover 1: Pos(57.4,56.4) Bat(37.4%) Est(em_missao)
2025-12-11 16:16:05,756 - Thread-1 (handle_rover_telemetry) - INFO - RX Rover 1: Pos(57.4,56.4) Bat(34.9%) Est(em_missao)
2025-12-11 16:16:10,967 - Thread-1 (handle_rover_telemetry) - INFO - RX Rover 1: Pos(57.4,56.4) Bat(32.4%) Est(em_missao)
2025-12-11 16:16:15,767 - Thread-1 (handle_rover_telemetry) - INFO - RX Rover 1: Pos(57.4,56.4) Bat(29.9%) Est(em_missao)
2025-12-11 16:16:20,770 - Thread-1 (handle_rover_telemetry) - INFO - RX Rover 1: Pos(57.4,56.4) Bat(27.4%) Est(em_missao)
2025-12-11 16:16:25,775 - Thread-1 (handle_rover_telemetry) - INFO - RX Rover 1: Pos(57.4,56.4) Bat(24.9%) Est(em_missao)
2025-12-11 16:16:30,781 - Thread-1 (handle_rover_telemetry) - INFO - RX Rover 1: Pos(57.4,56.4) Bat(22.4%) Est(em_missao)
2025-12-11 16:16:35,786 - Thread-1 (handle_rover_telemetry) - INFO - RX Rover 1: Pos(57.4,56.4) Bat(19.9%) Est(em_missao)
2025-12-11 16:16:40,791 - Thread-1 (handle_rover_telemetry) - INFO - RX Rover 1: Pos(57.4,56.4) Bat(17.4%) Est(em_missao)
2025-12-11 16:16:41,803 - Mission_Link-UDP - INFO - Rover 1: Missão Concluída.
2025-12-11 16:16:41,804 - Mission_Link-UDP - INFO - Mission 2 guardada.
2025-12-11 16:16:41,805 - Mission_Link-UDP - INFO - Rover 1: Pedido de Missão.
2025-12-11 16:16:45,797 - Thread-1 (handle_rover_telemetry) - WARNING - AVISO: Rover 1 reporta BATERIA FRACA (16.2%). A Recarregar...
2025-12-11 16:16:45,797 - Thread-1 (handle_rover_telemetry) - INFO - RX Rover 1: Pos(57.4,56.4) Bat(16.2%) Est(low_power_sl)
2025-12-11 16:16:51,006 - Thread-1 (handle_rover_telemetry) - WARNING - AVISO: Rover 1 reporta BATERIA FRACA (16.2%). A Recarregar...
2025-12-11 16:16:51,006 - Thread-1 (handle_rover_telemetry) - INFO - RX Rover 1: Pos(57.4,56.4) Bat(16.2%) Est(low_power_sl)
2025-12-11 16:16:55,803 - Thread-1 (handle_rover_telemetry) - WARNING - AVISO: Rover 1 reporta BATERIA FRACA (16.2%). A Recarregar...
2025-12-11 16:16:55,803 - Thread-1 (handle_rover_telemetry) - INFO - RX Rover 1: Pos(57.4,56.4) Bat(16.2%) Est(low_power_sl)
2025-12-11 16:17:01,014 - Thread-1 (handle_rover_telemetry) - WARNING - AVISO: Rover 1 reporta BATERIA FRACA (16.2%). A Recarregar...
2025-12-11 16:17:01,014 - Thread-1 (handle_rover_telemetry) - INFO - RX Rover 1: Pos(57.4,56.4) Bat(16.2%) Est(low_power_sl)
2025-12-11 16:17:05,814 - Thread-1 (handle_rover_telemetry) - WARNING - AVISO: Rover 1 reporta BATERIA FRACA (16.2%). A Recarregar...
2025-12-11 16:17:05,814 - Thread-1 (handle_rover_telemetry) - INFO - RX Rover 1: Pos(57.4,56.4) Bat(16.2%) Est(low_power_sl)
2025-12-11 16:17:10,820 - Thread-1 (handle_rover_telemetry) - WARNING - AVISO: Rover 1 reporta BATERIA FRACA (16.2%). A Recarregar...
2025-12-11 16:17:10,820 - Thread-1 (handle_rover_telemetry) - INFO - RX Rover 1: Pos(57.4,56.4) Bat(16.2%) Est(low_power_sl)
2025-12-11 16:17:15,825 - Thread-1 (handle_rover_telemetry) - INFO - RX Rover 1: Pos(57.4,56.4) Bat(99.6%) Est(parado)
2025-12-11 16:17:16,841 - Mission_Link-UDP - INFO - Rover 1: Pedido de Missão.
2025-12-11 16:17:16,842 - Mission_Link-UDP - INFO - Atribuida 4 a Rover 1
2025-12-11 16:17:20,830 - Thread-1 (handle_rover_telemetry) - INFO - RX Rover 1: Pos(46.6,45.9) Bat(97.7%) Est(a_caminho)
INFO - Enviado: ID=01|Pos=( 57.4, 56.4)|Bat= 42.4|Est=em_missao|Mis=2 68%
2025-12-11 16:15:55,745 - Telemetry-01 - INFO - Enviado: ID=01|Pos=( 57.4, 56.4)|Bat= 39.9|Est=em_missao|Mis=2 68%
2025-12-11 16:15:57,758 - MissionLink-01 - INFO - A enviar Relatório 85% (Seq 19)...
2025-12-11 16:16:00,750 - Telemetry-01 - INFO - Enviado: ID=01|Pos=( 57.4, 56.4)|Bat= 37.4|Est=em_missao|Mis=2 85%
2025-12-11 16:16:05,756 - Telemetry-01 - INFO - Enviado: ID=01|Pos=( 57.4, 56.4)|Bat= 34.9|Est=em_missao|Mis=2 85%
2025-12-11 16:16:10,761 - Telemetry-01 - INFO - Enviado: ID=01|Pos=( 57.4, 56.4)|Bat= 32.4|Est=em_missao|Mis=2 85%
2025-12-11 16:16:15,767 - Telemetry-01 - INFO - Enviado: ID=01|Pos=( 57.4, 56.4)|Bat= 29.9|Est=em_missao|Mis=2 85%
2025-12-11 16:16:20,770 - Telemetry-01 - INFO - Enviado: ID=01|Pos=( 57.4, 56.4)|Bat= 27.4|Est=em_missao|Mis=2 85%
2025-12-11 16:16:25,775 - Telemetry-01 - INFO - Enviado: ID=01|Pos=( 57.4, 56.4)|Bat= 24.9|Est=em_missao|Mis=2 85%
2025-12-11 16:16:30,781 - Telemetry-01 - INFO - Enviado: ID=01|Pos=( 57.4, 56.4)|Bat= 22.4|Est=em_missao|Mis=2 85%
2025-12-11 16:16:35,786 - Telemetry-01 - INFO - Enviado: ID=01|Pos=( 57.4, 56.4)|Bat= 19.9|Est=em_missao|Mis=2 85%
2025-12-11 16:16:37,798 - MissionLink-01 - INFO - A enviar Conclusão 100% (Seq 20)...
2025-12-11 16:16:39,800 - MissionLink-01 - WARNING - Socket timeout no envio de MCon. Tentativas restantes: 2. a esperar 2s.
2025-12-11 16:16:40,791 - Telemetry-01 - INFO - Enviado: ID=01|Pos=( 57.4, 56.4)|Bat= 17.4|Est=em_missao|Mis=2 100%
2025-12-11 16:16:41,804 - MissionLink-01 - INFO - Missao concluida e confirmada pela Mae!
2025-12-11 16:16:41,805 - MissionLink-01 - INFO - A pedir missao (Seq 21)...
2025-12-11 16:16:41,805 - MissionLink-01 - INFO - Mae não deu missão (MAck). Esperar 10s.
2025-12-11 16:16:42,804 - Physics-01 - WARNING - Bateria em 16.2%. Entrando em MODO DE RECARGA (30s).
2025-12-11 16:16:45,797 - Telemetry-01 - INFO - Enviado: ID=01|Pos=( 57.4, 56.4)|Bat= 16.2|Est=low_power_sl|Mis=Nenhuma
2025-12-11 16:16:50,798 - Telemetry-01 - INFO - Enviado: ID=01|Pos=( 57.4, 56.4)|Bat= 16.2|Est=low_power_sl|Mis=Nenhuma
2025-12-11 16:16:51,816 - MissionLink-01 - INFO - Em modo de recarga. A aguardar...
2025-12-11 16:16:55,803 - Telemetry-01 - INFO - Enviado: ID=01|Pos=( 57.4, 56.4)|Bat= 16.2|Est=low_power_sl|Mis=Nenhuma
2025-12-11 16:16:56,821 - MissionLink-01 - INFO - Em modo de recarga. A aguardar...
2025-12-11 16:17:00,808 - Telemetry-01 - INFO - Enviado: ID=01|Pos=( 57.4, 56.4)|Bat= 16.2|Est=low_power_sl|Mis=Nenhuma
2025-12-11 16:17:01,826 - MissionLink-01 - INFO - Em modo de recarga. A aguardar...
2025-12-11 16:17:05,814 - Telemetry-01 - INFO - Enviado: ID=01|Pos=( 57.4, 56.4)|Bat= 16.2|Est=low_power_sl|Mis=Nenhuma
2025-12-11 16:17:06,830 - MissionLink-01 - INFO - Em modo de recarga. A aguardar...
2025-12-11 16:17:10,819 - Telemetry-01 - INFO - Enviado: ID=01|Pos=( 57.4, 56.4)|Bat= 16.2|Est=low_power_sl|Mis=Nenhuma
2025-12-11 16:17:11,835 - MissionLink-01 - INFO - Em modo de recarga. A aguardar...
2025-12-11 16:17:12,834 - Physics-01 - INFO - RECARGA FORÇADA COMPLETA! Bateria a 100%. Rover pronto para missões.
2025-12-11 16:17:15,825 - Telemetry-01 - INFO - Enviado: ID=01|Pos=( 57.4, 56.4)|Bat= 99.6|Est=parado|Mis=Nenhuma
2025-12-11 16:17:16,841 - MissionLink-01 - INFO - A pedir missao (Seq 22)...
2025-12-11 16:17:16,842 - MissionLink-01 - INFO - A viajar de (57.4, 56.4) para (25.0, 25.0)...
2025-12-11 16:17:20,830 - Telemetry-01 - INFO - Enviado: ID=01|Pos=( 46.6, 45.9)|Bat= 97.7|Est=a_caminho|Mis=4 0%
2025-12-11 16:18:40,835 - MainThread - INFO - A simular Sincronização (UDP)...
2025-12-11 16:18:40,835 - Main-1 - INFO - Sincronização (Simulada) bem sucedida.
2025-12-11 16:18:40,835 - Telemetry-1 - INFO - Thread Telemetria iniciada (Protocolo Fixo: 39 bytes).
2025-12-11 16:18:40,835 - Physics-1 - INFO - Simulador de Física iniciado. Limite de recarga: 20%.
2025-12-11 16:18:40,835 - MissionLink-1 - INFO - Serviço Mission Link iniciado para Rover 1
2025-12-11 16:18:40,835 - Telemetry-1 - INFO - A ligar a 10.0.2.20:50010...
2025-12-11 16:18:40,835 - Main-1 - INFO - [Main] Serviço de Telemetria e Física lançados.
2025-12-11 16:18:40,835 - MissionLink-1 - INFO - A pedir missao (Seq 1)...
2025-12-11 16:18:40,836 - Telemetry-1 - WARNING - Erro na Telemetria ([Errno 111] Connection refused). Tentativa 1/5. A tentar religar em 10 seg...
2025-12-11 16:18:42,838 - MissionLink-1 - WARNING - Socket timeout no envio de MReq. Tentativas restantes: 2. a esperar 2s.
2025-12-11 16:18:46,842 - MissionLink-1 - WARNING - Socket timeout no envio de MReq. Tentativas restantes: 1. a esperar 4s.
2025-12-11 16:19:48,506 - MainThread - INFO - A simular Sincronização (UDP)...
2025-12-11 16:19:48,506 - Main-1 - INFO - Sincronização (Simulada) bem sucedida.
2025-12-11 16:19:48,506 - Telemetry-1 - INFO - Thread Telemetria iniciada (Protocolo Fixo: 39 bytes).
2025-12-11 16:19:48,506 - Physics-1 - INFO - Simulador de Física iniciado. Limite de recarga: 20%.
2025-12-11 16:19:48,506 - Telemetry-1 - INFO - A ligar a 10.0.2.20:50010...
2025-12-11 16:19:48,506 - MissionLink-1 - INFO - Serviço Mission Link iniciado para Rover 1
2025-12-11 16:19:48,506 - Main-1 - INFO - [Main] Serviço de Telemetria e Física lançados.
2025-12-11 16:19:48,507 - MissionLink-1 - INFO - A pedir missao (Seq 1)...
2025-12-11 16:19:48,507 - Telemetry-1 - WARNING - Erro na Telemetria ([Errno 111] Connection refused). Tentativa 1/5. A tentar religar em 10 seg...
2025-12-11 16:19:50,508 - MissionLink-1 - WARNING - Socket timeout no envio de MReq. Tentativas restantes: 2. a esperar 2s.
2025-12-11 16:19:54,512 - MissionLink-1 - WARNING - Socket timeout no envio de MReq. Tentativas restantes: 1. a esperar 4s.
2025-12-11 16:19:58,516 - Telemetry-1 - INFO - A ligar a 10.0.2.20:50010...
2025-12-11 16:19:58,517 - Telemetry-1 - WARNING - Erro na Telemetria ([Errno 111] Connection refused). Tentativa 2/5. A tentar religar em 10 seg...
2025-12-11 16:19:58,517 - MissionLink-1 - INFO - Mae não deu missão (MAck). Esperar 10s.
2025-12-11 16:20:08,518 - Telemetry-1 - INFO - A ligar a 10.0.2.20:50010...
2025-12-11 16:20:08,518 - Telemetry-1 - WARNING - Erro na Telemetria ([Errno 111] Connection refused). Tentativa 3/5. A tentar religar em 10 seg...
2025-12-11 16:20:08,526 - MissionLink-1 - INFO - A pedir missao (Seq 2)...
2025-12-11 16:20:10,529 - MissionLink-1 - WARNING - Socket timeout no envio de MReq. Tentativas restantes: 2. a esperar 2s.
2025-12-11 16:20:14,533 - MissionLink-1 - WARNING - Socket timeout no envio de MReq. Tentativas restantes: 1. a esperar 4s.
2025-12-11 16:20:18,527 - Telemetry-1 - INFO - A ligar a 10.0.2.20:50010...
2025-12-11 16:20:18,527 - Telemetry-1 - WARNING - Erro na Telemetria ([Errno 111] Connection refused). Tentativa 4/5. A tentar religar em 10 seg...
2025-12-11 16:20:18,537 - MissionLink-1 - INFO - Mae não deu missão (MAck). Esperar 10s.
2025-12-11 16:20:28,537 - Telemetry-1 - INFO - A ligar a 10.0.2.20:50010...
2025-12-11 16:20:28,538 - Telemetry-1 - WARNING - Erro na Telemetria ([Errno 111] Connection refused). Tentativa 5/5. A tentar religar em 10 seg...
2025-12-11 16:20:28,546 - MissionLink-1 - INFO - A pedir missao (Seq 3)...
2025-12-11 16:20:30,548 - MissionLink-1 - WARNING - Socket timeout no envio de MReq. Tentativas restantes: 2. a esperar 2s.
2025-12-11 16:20:34,553 - MissionLink-1 - WARNING - Socket timeout no envio de MReq. Tentativas restantes: 1. a esperar 4s.
2025-12-11 16:20:38,545 - Telemetry-1 - CRITICAL - Limite máximo de 5 tentativas de reconexão excedido. O Rover está a desligar o serviço de telemetria.
2025-12-11 16:20:38,545 - Telemetry-1 - INFO - Thread de Telemetria terminada.
2025-12-11 16:20:38,557 - MissionLink-1 - INFO - Mae não deu missão (MAck). Esperar 10s.
2025-12-11 16:20:48,566 - MissionLink-1 - INFO - A pedir missao (Seq 4)...
2025-12-11 16:20:50,568 - MissionLink-1 - WARNING - Socket timeout no envio de MReq. Tentativas restantes: 2. a esperar 2s.
2025-12-11 16:20:54,571 - MissionLink-1 - WARNING - Socket timeout no envio de MReq. Tentativas restantes: 1. a esperar 4s.
2025-12-11 16:20:58,576 - MissionLink-1 - INFO - Mae não deu missão (MAck). Esperar 10s.
2025-12-11 16:21:08,586 - MissionLink-1 - INFO - A pedir missao (Seq 5)...
2025-12-11 16:21:10,589 - MissionLink-1 - WARNING - Socket timeout no envio de MReq. Tentativas restantes: 2. a esperar 2s.
2025-12-11 16:21:14,592 - MissionLink-1 - WARNING - Socket timeout no envio de MReq. Tentativas restantes: 1. a esperar 4s.
2025-12-11 16:21:18,597 - MissionLink-1 - INFO - Mae não deu missão (MAck). Esperar 10s.
2025-12-11 16:21:28,607 - MissionLink-1 - INFO - A pedir missao (Seq 6)...
2025-12-11 16:21:30,609 - MissionLink-1 - WARNING - Socket timeout no envio de MReq. Tentativas restantes: 2. a esperar 2s.
2025-12-11 16:21:34,613 - MissionLink-1 - WARNING - Socket timeout no envio de MReq. Tentativas restantes: 1. a esperar 4s.
2025-12-11 16:21:38,615 - MissionLink-1 - INFO - Mae não deu missão (MAck). Esperar 10s.
2025-12-11 16:21:48,617 - MissionLink-1 - INFO - A pedir missao (Seq 7)...
2025-12-11 16:21:50,619 - MissionLink-1 - WARNING - Socket timeout no envio de MReq. Tentativas restantes: 2. a esperar 2s.
2025-12-11 16:21:54,624 - MissionLink-1 - WARNING - Socket timeout no envio de MReq. Tentativas restantes: 1. a esperar 4s.
2025-12-11 16:21:58,625 - MissionLink-1 - INFO - Mae não deu missão (MAck). Esperar 10s.
2025-12-11 16:22:08,636 - MissionLink-1 - INFO - A pedir missao (Seq 8)...
2025-12-11 16:22:10,638 - MissionLink-1 - WARNING - Socket timeout no envio de MReq. Tentativas restantes: 2. a esperar 2s.
2025-12-11 16:22:14,642 - MissionLink-1 - WARNING - Socket timeout no envio de MReq. Tentativas restantes: 1. a esperar 4s.
2025-12-11 16:22:18,648 - MissionLink-1 - INFO - Mae não deu missão (MAck). Esperar 10s.
2025-12-11 16:22:28,655 - MissionLink-1 - INFO - A pedir missao (Seq 9)...
2025-12-11 16:22:30,657 - MissionLink-1 - WARNING - Socket timeout no envio de MReq. Tentativas restantes: 2. a esperar 2s.
2025-12-11 16:22:34,662 - MissionLink-1 - WARNING - Socket timeout no envio de MReq. Tentativas restantes: 1. a esperar 4s.
2025-12-11 16:22:38,665 - MissionLink-1 - INFO - Mae não deu missão (MAck). Esperar 10s.
2025-12-11 16:22:48,670 - MissionLink-1 - INFO - A pedir missao (Seq 10)...
2025-12-11 16:22:50,673 - MissionLink-1 - WARNING - Socket timeout no envio de MReq. Tentativas restantes: 2. a esperar 2s.
2025-12-11 16:22:54,677 - MissionLink-1 - WARNING - Socket timeout no envio de MReq. Tentativas restantes: 1. a esperar 4s.
2025-12-11 16:22:58,681 - MissionLink-1 - INFO - Mae não deu missão (MAck). Esperar 10s.
2025-12-11 16:23:08,686 - MissionLink-1 - INFO - A pedir missao (Seq 11)...
2025-12-11 16:23:10,688 - MissionLink-1 - WARNING - Socket timeout no envio de MReq. Tentativas restantes: 2. a esperar 2s.
2025-12-11 16:23:14,693 - MissionLink-1 - WARNING - Socket timeout no envio de MReq. Tentativas restantes: 1. a esperar 4s.
2025-12-11 16:23:18,698 - MissionLink-1 - INFO - Mae não deu missão (MAck). Esperar 10s.
2025-12-11 16:23:28,700 - MissionLink-1 - INFO - A pedir missao (Seq 12)...
2025-12-11 16:23:30,702 - MissionLink-1 - WARNING - Socket timeout no envio de MReq. Tentativas restantes: 2. a esperar 2s.
2025-12-11 16:23:34,707 - MissionLink-1 - WARNING - Socket timeout no envio de MReq. Tentativas restantes: 1. a esperar 4s.
2025-12-11 16:23:38,711 - MissionLink-1 - INFO - Mae não deu missão (MAck). Esperar 10s.
2025-12-11 16:23:48,721 - MissionLink-1 - INFO - A pedir missao (Seq 13)...
2025-12-11 16:23:50,724 - MissionLink-1 - WARNING - Socket timeout no envio de MReq. Tentativas restantes: 2. a esperar 2s.
2025-12-11 16:23:54,727 - MissionLink-1 - WARNING - Socket timeout no envio de MReq. Tentativas restantes: 1. a esperar 4s.
2025-12-11 16:23:58,732 - MissionLink-1 - INFO - Mae não deu missão (MAck). Esperar 10s.
2025-12-11 16:24:08,734 - MissionLink-1 - INFO - A pedir missao (Seq 14)...
2025-12-11 16:24:10,736 - MissionLink-1 - WARNING - Socket timeout no envio de MReq. Tentativas restantes: 2. a esperar 2s.
2025-12-11 16:24:14,740 - MissionLink-1 - WARNING - Socket timeout no envio de MReq. Tentativas restantes: 1. a esperar 4s.
2025-12-11 16:24:18,745 - MissionLink-1 - INFO - Mae não deu missão (MAck). Esperar 10s.
2025-12-11 16:24:28,754 - MissionLink-1 - INFO - A pedir missao (Seq 15)...
2025-12-11 16:24:30,755 - MissionLink-1 - WARNING - Socket timeout no envio de MReq. Tentativas restantes: 2. a esperar 2s.
2025-12-11 16:24:34,759 - MissionLink-1 - WARNING - Socket timeout no envio de MReq. Tentativas restantes: 1. a esperar 4s.
2025-12-11 16:24:38,763 - MissionLink-1 - INFO - Mae não deu missão (MAck). Esperar 10s.
2025-12-11 16:24:48,769 - MissionLink-1 - INFO - A pedir missao (Seq 16)...
2025-12-11 16:24:50,771 - MissionLink-1 - WARNING - Socket timeout no envio de MReq. Tentativas restantes: 2. a esperar 2s.
2025-12-11 16:24:54,776 - MissionLink-1 - WARNING - Socket timeout no envio de MReq. Tentativas restantes: 1. a esperar 4s.
2025-12-11 16:24:58,781 - MissionLink-1 - INFO - Mae não deu missão (MAck). Esperar 10s.
2025-12-11 16:25:08,791 - MissionLink-1 - INFO - A pedir missao (Seq 17)...
2025-12-11 16:25:10,794 - MissionLink-1 - WARNING - Socket timeout no envio de MReq. Tentativas restantes: 2. a esperar 2s.
2025-12-11 16:25:14,798 - MissionLink-1 - WARNING - Socket timeout no envio de MReq. Tentativas restantes: 1. a esperar 4s.
2025-12-11 16:25:18,802 - MissionLink-1 - INFO - Mae não deu missão (MAck). Esperar 10s.
2025-12-11 16:25:28,812 - MissionLink-1 - INFO - A pedir missao (Seq 18)...
2025-12-11 16:25:30,814 - MissionLink-1 - WARNING - Socket timeout no envio de MReq. Tentativas restantes: 2. a esperar 2s.
2025-12-11 16:25:34,819 - MissionLink-1 - WARNING - Socket timeout no envio de MReq. Tentativas restantes: 1. a esperar 4s.
2025-12-11 16:25:38,823 - MissionLink-1 - INFO - Mae não deu missão (MAck). Esperar 10s.
2025-12-11 16:25:48,834 - MissionLink-1 - INFO - A pedir missao (Seq 19)...
2025-12-11 16:25:50,836 - MissionLink-1 - WARNING - Socket timeout no envio de MReq. Tentativas restantes: 2. a esperar 2s.
2025-12-11 16:25:54,841 - MissionLink-1 - WARNING - Socket timeout no envio de MReq. Tentativas restantes: 1. a esperar 4s.
2025-12-11 16:25:58,846 - MissionLink-1 - INFO - Mae não deu missão (MAck). Esperar 10s.
2025-12-11 16:26:08,847 - MissionLink-1 - INFO - A pedir missao (Seq 20)...
2025-12-11 16:26:10,849 - MissionLink-1 - WARNING - Socket timeout no envio de MReq. Tentativas restantes: 2. a esperar 2s.
2025-12-11 16:26:14,853 - MissionLink-1 - WARNING - Socket timeout no envio de MReq. Tentativas restantes: 1. a esperar 4s.
2025-12-11 16:26:18,857 - MissionLink-1 - INFO - Mae não deu missão (MAck). Esperar 10s.
2025-12-11 16:26:28,860 - MissionLink-1 - INFO - A pedir missao (Seq 21)...
2025-12-11 16:26:28,913 - Physics-1 - WARNING - Bateria em 20.0%. Entrando em MODO DE RECARGA (30s).
2025-12-11 16:26:30,862 - MissionLink-1 - WARNING - Socket timeout no envio de MReq. Tentativas restantes: 2. a esperar 2s.
2025-12-11 16:26:34,867 - MissionLink-1 - WARNING - Socket timeout no envio de MReq. Tentativas restantes: 1. a esperar 4s.
2025-12-11 16:26:38,871 - MissionLink-1 - INFO - Mae não deu missão (MAck). Esperar 10s.
2025-12-11 16:26:48,874 - MissionLink-1 - INFO - Em modo de recarga. A aguardar...
2025-12-11 16:26:53,879 - MissionLink-1 - INFO - Em modo de recarga. A aguardar...
2025-12-11 16:26:58,884 - MissionLink-1 - INFO - Em modo de recarga. A aguardar...
2025-12-11 16:26:58,943 - Physics-1 - INFO - RECARGA FORÇADA COMPLETA! Bateria a 100%. Rover pronto para missões.
2025-12-11 16:27:03,890 - MissionLink-1 - INFO - A pedir missao (Seq 22)...
2025-12-11 16:27:05,893 - MissionLink-1 - WARNING - Socket timeout no envio de MReq. Tentativas restantes: 2. a esperar 2s.
2025-12-11 16:27:09,897 - MissionLink-1 - WARNING - Socket timeout no envio de MReq. Tentativas restantes: 1. a esperar 4s.
2025-12-11 16:27:13,902 - MissionLink-1 - INFO - Mae não deu missão (MAck). Esperar 10s.
2025-12-11 16:27:23,908 - MissionLink-1 - INFO - A pedir missao (Seq 23)...
2025-12-11 16:27:25,910 - MissionLink-1 - WARNING - Socket timeout no envio de MReq. Tentativas restantes: 2. a esperar 2s.
2025-12-11 16:27:29,914 - MissionLink-1 - WARNING - Socket timeout no envio de MReq. Tentativas restantes: 1. a esperar 4s.
2025-12-11 16:27:33,919 - MissionLink-1 - INFO - Mae não deu missão (MAck). Esperar 10s.
2025-12-11 16:27:43,928 - MissionLink-1 - INFO - A pedir missao (Seq 24)...
2025-12-11 16:27:45,931 - MissionLink-1 - WARNING - Socket timeout no envio de MReq. Tentativas restantes: 2. a esperar 2s.
2025-12-11 16:27:49,935 - MissionLink-1 - WARNING - Socket timeout no envio de MReq. Tentativas restantes: 1. a esperar 4s.
2025-12-11 16:27:53,939 - MissionLink-1 - INFO - Mae não deu missão (MAck). Esperar 10s.
2025-12-11 16:28:03,948 - MissionLink-1 - INFO - A pedir missao (Seq 25)...
2025-12-11 16:28:05,951 - MissionLink-1 - WARNING - Socket timeout no envio de MReq. Tentativas restantes: 2. a esperar 2s.
2025-12-11 16:28:09,955 - MissionLink-1 - WARNING - Socket timeout no envio de MReq. Tentativas restantes: 1. a esperar 4s.
2025-12-11 16:28:13,960 - MissionLink-1 - INFO - Mae não deu missão (MAck). Esperar 10s.
2025-12-11 16:28:23,971 - MissionLink-1 - INFO - A pedir missao (Seq 26)...
2025-12-11 16:28:25,972 - MissionLink-1 - WARNING - Socket timeout no envio de MReq. Tentativas restantes: 2. a esperar 2s.
2025-12-11 16:28:29,977 - MissionLink-1 - WARNING - Socket timeout no envio de MReq. Tentativas restantes: 1. a esperar 4s.
2025-12-11 16:28:33,982 - MissionLink-1 - INFO - Mae não deu missão (MAck). Esperar 10s.
2025-12-11 16:28:43,987 - MissionLink-1 - INFO - A pedir missao (Seq 27)...
2025-12-11 16:28:45,989 - MissionLink-1 - WARNING - Socket timeout no envio de MReq. Tentativas restantes: 2. a esperar 2s.
2025-12-11 16:28:49,993 - MissionLink-1 - WARNING - Socket timeout no envio de MReq. Tentativas restantes: 1. a esperar 4s.
2025-12-11 16:28:53,997 - MissionLink-1 - INFO - Mae não deu missão (MAck). Esperar 10s.
2025-12-11 16:29:04,004 - MissionLink-1 - INFO - A pedir missao (Seq 28)...
2025-12-11 16:29:06,006 - MissionLink-1 - WARNING - Socket timeout no envio de MReq. Tentativas restantes: 2. a esperar 2s.
2025-12-11 16:29:10,009 - MissionLink-1 - WARNING - Socket timeout no envio de MReq. Tentativas restantes: 1. a esperar 4s.
2025-12-11 16:29:14,014 - MissionLink-1 - INFO - Mae não deu missão (MAck). Esperar 10s.
2025-12-11 16:29:24,019 - MissionLink-1 - INFO - A pedir missao (Seq 29)...
2025-12-11 16:29:26,021 - MissionLink-1 - WARNING - Socket timeout no envio de MReq. Tentativas restantes: 2. a esperar 2s.
2025-12-11 16:29:30,025 - MissionLink-1 - WARNING - Socket timeout no envio de MReq. Tentativas restantes: 1. a esperar 4s.
2025-12-11 16:29:34,027 - MissionLink-1 - INFO - Mae não deu missão (MAck). Esperar 10s.
2025-12-11 16:29:44,037 - MissionLink-1 - INFO - A pedir missao (Seq 30)...
2025-12-11 16:29:46,040 - MissionLink-1 - WARNING - Socket timeout no envio de MReq. Tentativas restantes: 2. a esperar 2s.
2025-12-11 16:29:50,044 - MissionLink-1 - WARNING - Socket timeout no envio de MReq. Tentativas restantes: 1. a esperar 4s.
2025-12-11 16:29:54,049 - MissionLink-1 - INFO - Mae não deu missão (MAck). Esperar 10s.
2025-12-11 16:30:04,054 - MissionLink-1 - INFO - A pedir missao (Seq 31)...
2025-12-11 16:30:06,056 - MissionLink-1 - WARNING - Socket timeout no envio de MReq. Tentativas restantes: 2. a esperar 2s.
2025-12-11 16:30:10,059 - MissionLink-1 - WARNING - Socket timeout no envio de MReq. Tentativas restantes: 1. a esperar 4s.
2025-12-11 16:30:14,064 - MissionLink-1 - INFO - Mae não deu missão (MAck). Esperar 10s.
2025-12-11 16:30:24,069 - MissionLink-1 - INFO - A pedir missao (Seq 32)...
2025-12-11 16:30:26,071 - MissionLink-1 - WARNING - Socket timeout no envio de MReq. Tentativas restantes: 2. a esperar 2s.
2025-12-11 16:30:30,075 - MissionLink-1 - WARNING - Socket timeout no envio de MReq. Tentativas restantes: 1. a esperar 4s.
2025-12-11 16:30:34,077 - MissionLink-1 - INFO - Mae não deu missão (MAck). Esperar 10s.
2025-12-11 16:30:44,079 - MissionLink-1 - INFO - A pedir missao (Seq 33)...
2025-12-11 16:30:46,081 - MissionLink-1 - WARNING - Socket timeout no envio de MReq. Tentativas restantes: 2. a esperar 2s.
2025-12-11 16:30:50,086 - MissionLink-1 - WARNING - Socket timeout no envio de MReq. Tentativas restantes: 1. a esperar 4s.
2025-12-11 16:30:54,091 - MissionLink-1 - INFO - Mae não deu missão (MAck). Esperar 10s.
2025-12-11 16:31:04,099 - MissionLink-1 - INFO - A pedir missao (Seq 34)...
2025-12-11 16:31:06,101 - MissionLink-1 - WARNING - Socket timeout no envio de MReq. Tentativas restantes: 2. a esperar 2s.
2025-12-11 16:31:10,106 - MissionLink-1 - WARNING - Socket timeout no envio de MReq. Tentativas restantes: 1. a esperar 4s.
2025-12-11 16:31:14,110 - MissionLink-1 - INFO - Mae não deu missão (MAck). Esperar 10s.
2025-12-11 16:31:24,116 - MissionLink-1 - INFO - A pedir missao (Seq 35)...
2025-12-11 16:31:26,118 - MissionLink-1 - WARNING - Socket timeout no envio de MReq. Tentativas restantes: 2. a esperar 2s.
2025-12-11 16:31:30,122 - MissionLink-1 - WARNING - Socket timeout no envio de MReq. Tentativas restantes: 1. a esperar 4s.
2025-12-11 16:31:34,126 - MissionLink-1 - INFO - Mae não deu missão (MAck). Esperar 10s.
2025-12-11 16:31:44,132 - MissionLink-1 - INFO - A pedir missao (Seq 36)...
2025-12-11 16:31:46,134 - MissionLink-1 - WARNING - Socket timeout no envio de MReq. Tentativas restantes: 2. a esperar 2s.
2025-12-11 16:31:50,138 - MissionLink-1 - WARNING - Socket timeout no envio de MReq. Tentativas restantes: 1. a esperar 4s.
2025-12-11 16:31:54,142 - MissionLink-1 - INFO - Mae não deu missão (MAck). Esperar 10s.
2025-12-11 16:32:04,150 - MissionLink-1 - INFO - A pedir missao (Seq 37)...
2025-12-11 16:32:06,152 - MissionLink-1 - WARNING - Socket timeout no envio de MReq. Tentativas restantes: 2. a esperar 2s.
2025-12-11 16:32:10,156 - MissionLink-1 - WARNING - Socket timeout no envio de MReq. Tentativas restantes: 1. a esperar 4s.
2025-12-11 16:32:14,161 - MissionLink-1 - INFO - Mae não deu missão (MAck). Esperar 10s.
2025-12-11 16:32:24,169 - MissionLink-1 - INFO - A pedir missao (Seq 38)...
2025-12-11 16:32:26,171 - MissionLink-1 - WARNING - Socket timeout no envio de MReq. Tentativas restantes: 2. a esperar 2s.
2025-12-11 16:32:30,175 - MissionLink-1 - WARNING - Socket timeout no envio de MReq. Tentativas restantes: 1. a esperar 4s.
2025-12-11 16:32:34,178 - MissionLink-1 - INFO - Mae não deu missão (MAck). Esperar 10s.
2025-12-11 16:32:44,185 - MissionLink-1 - INFO - A pedir missao (Seq 39)...
2025-12-11 16:32:46,187 - MissionLink-1 - WARNING - Socket timeout no envio de MReq. Tentativas restantes: 2. a esperar 2s.
2025-12-11 16:32:50,192 - MissionLink-1 - WARNING - Socket timeout no envio de MReq. Tentativas restantes: 1. a esperar 4s.
2025-12-11 16:32:54,195 - MissionLink-1 - INFO - Mae não deu missão (MAck). Esperar 10s.
2025-12-11 16:33:04,206 - MissionLink-1 - INFO - A pedir missao (Seq 40)...
2025-12-11 16:33:06,208 - MissionLink-1 - WARNING - Socket timeout no envio de MReq. Tentativas restantes: 2. a esperar 2s.
2025-12-11 16:33:10,213 - MissionLink-1 - WARNING - Socket timeout no envio de MReq. Tentativas restantes: 1. a esperar 4s.
2025-12-11 16:33:14,217 - MissionLink-1 - INFO - Mae não deu missão (MAck). Esperar 10s.
2025-12-11 16:33:24,227 - MissionLink-1 - INFO - A pedir missao (Seq 41)...
2025-12-11 16:33:26,229 - MissionLink-1 - WARNING - Socket timeout no envio de MReq. Tentativas restantes: 2. a esperar 2s.
2025-12-11 16:33:30,233 - MissionLink-1 - WARNING - Socket timeout no envio de MReq. Tentativas restantes: 1. a esperar 4s.
2025-12-11 16:33:34,238 - MissionLink-1 - INFO - Mae não deu missão (MAck). Esperar 10s.
2025-12-11 16:33:39,353 - Physics-1 - WARNING - Bateria em 20.0%. Entrando em MODO DE RECARGA (30s).
2025-12-11 16:33:44,249 - MissionLink-1 - INFO - Em modo de recarga. A aguardar...
2025-12-11 16:33:49,254 - MissionLink-1 - INFO - Em modo de recarga. A aguardar...
2025-12-11 16:33:54,259 - MissionLink-1 - INFO - Em modo de recarga. A aguardar...
2025-12-11 16:33:59,264 - MissionLink-1 - INFO - Em modo de recarga. A aguardar...
2025-12-11 16:34:04,266 - MissionLink-1 - INFO - Em modo de recarga. A aguardar...
2025-12-11 16:34:09,271 - MissionLink-1 - INFO - Em modo de recarga. A aguardar...
2025-12-11 16:34:09,387 - Physics-1 - INFO - RECARGA FORÇADA COMPLETA! Bateria a 100%. Rover pronto para missões.
2025-12-11 16:34:14,276 - MissionLink-1 - INFO - A pedir missao (Seq 42)...
2025-12-11 16:34:16,278 - MissionLink-1 - WARNING - Socket timeout no envio de MReq. Tentativas restantes: 2. a esperar 2s.
2025-12-11 16:34:20,282 - MissionLink-1 - WARNING - Socket timeout no envio de MReq. Tentativas restantes: 1. a esperar 4s.
2025-12-11 16:34:24,287 - MissionLink-1 - INFO - Mae não deu missão (MAck). Esperar 10s.
2025-12-11 16:34:34,295 - MissionLink-1 - INFO - A pedir missao (Seq 43)...
2025-12-11 16:34:36,297 - MissionLink-1 - WARNING - Socket timeout no envio de MReq. Tentativas restantes: 2. a esperar 2s.
2025-12-11 16:34:40,301 - MissionLink-1 - WARNING - Socket timeout no envio de MReq. Tentativas restantes: 1. a esperar 4s.
2025-12-11 16:34:44,306 - MissionLink-1 - INFO - Mae não deu missão (MAck). Esperar 10s.
2025-12-11 16:34:54,312 - MissionLink-1 - INFO - A pedir missao (Seq 44)...
2025-12-11 16:34:56,314 - MissionLink-1 - WARNING - Socket timeout no envio de MReq. Tentativas restantes: 2. a esperar 2s.
2025-12-11 16:35:00,319 - MissionLink-1 - WARNING - Socket timeout no envio de MReq. Tentativas restantes: 1. a esperar 4s.
2025-12-11 16:35:04,323 - MissionLink-1 - INFO - Mae não deu missão (MAck). Esperar 10s.
2025-12-11 16:35:14,330 - MissionLink-1 - INFO - A pedir missao (Seq 45)...
2025-12-11 16:35:16,332 - MissionLink-1 - WARNING - Socket timeout no envio de MReq. Tentativas restantes: 2. a esperar 2s.
2025-12-11 16:35:20,336 - MissionLink-1 - WARNING - Socket timeout no envio de MReq. Tentativas restantes: 1. a esperar 4s.
2025-12-11 16:35:24,340 - MissionLink-1 - INFO - Mae não deu missão (MAck). Esperar 10s.
2025-12-11 16:35:34,342 - MissionLink-1 - INFO - A pedir missao (Seq 46)...
2025-12-11 16:35:36,344 - MissionLink-1 - WARNING - Socket timeout no envio de MReq. Tentativas restantes: 2. a esperar 2s.
2025-12-11 16:35:40,349 - MissionLink-1 - WARNING - Socket timeout no envio de MReq. Tentativas restantes: 1. a esperar 4s.
2025-12-11 16:35:44,351 - MissionLink-1 - INFO - Mae não deu missão (MAck). Esperar 10s.
2025-12-11 16:35:54,359 - MissionLink-1 - INFO - A pedir missao (Seq 47)...
2025-12-11 16:35:56,361 - MissionLink-1 - WARNING - Socket timeout no envio de MReq. Tentativas restantes: 2. a esperar 2s.
2025-12-11 16:36:00,364 - MissionLink-1 - WARNING - Socket timeout no envio de MReq. Tentativas restantes: 1. a esperar 4s.
2025-12-11 16:36:04,369 - MissionLink-1 - INFO - Mae não deu missão (MAck). Esperar 10s.
2025-12-11 16:36:14,379 - MissionLink-1 - INFO - A pedir missao (Seq 48)...
2025-12-11 16:36:16,382 - MissionLink-1 - WARNING - Socket timeout no envio de MReq. Tentativas restantes: 2. a esperar 2s.
2025-12-11 16:36:20,385 - MissionLink-1 - WARNING - Socket timeout no envio de MReq. Tentativas restantes: 1. a esperar 4s.
2025-12-11 16:36:24,390 - MissionLink-1 - INFO - Mae não deu missão (MAck). Esperar 10s.
2025-12-11 16:36:34,399 - MissionLink-1 - INFO - A pedir missao (Seq 49)...
2025-12-11 16:36:36,402 - MissionLink-1 - WARNING - Socket timeout no envio de MReq. Tentativas restantes: 2. a esperar 2s.
2025-12-11 16:36:40,406 - MissionLink-1 - WARNING - Socket timeout no envio de MReq. Tentativas restantes: 1. a esperar 4s.
2025-12-11 16:36:44,411 - MissionLink-1 - INFO - Mae não deu missão (MAck). Esperar 10s.
2025-12-11 16:36:54,421 - MissionLink-1 - INFO - A pedir missao (Seq 50)...
2025-12-11 16:36:56,423 - MissionLink-1 - WARNING - Socket timeout no envio de MReq. Tentativas restantes: 2. a esperar 2s.
2025-12-11 16:37:00,428 - MissionLink-1 - WARNING - Socket timeout no envio de MReq. Tentativas restantes: 1. a esperar 4s.
2025-12-11 16:37:04,433 - MissionLink-1 - INFO - Mae não deu missão (MAck). Esperar 10s.
2025-12-11 16:37:14,441 - MissionLink-1 - INFO - A pedir missao (Seq 51)...
2025-12-11 16:37:16,443 - MissionLink-1 - WARNING - Socket timeout no envio de MReq. Tentativas restantes: 2. a esperar 2s.
2025-12-11 16:37:20,448 - MissionLink-1 - WARNING - Socket timeout no envio de MReq. Tentativas restantes: 1. a esperar 4s.
2025-12-11 16:37:24,451 - MissionLink-1 - INFO - Mae não deu missão (MAck). Esperar 10s.
2025-12-11 16:37:34,461 - MissionLink-1 - INFO - A pedir missao (Seq 52)...
2025-12-11 16:37:36,463 - MissionLink-1 - WARNING - Socket timeout no envio de MReq. Tentativas restantes: 2. a esperar 2s.
2025-12-11 16:37:40,468 - MissionLink-1 - WARNING - Socket timeout no envio de MReq. Tentativas restantes: 1. a esperar 4s.
2025-12-11 16:37:44,469 - MissionLink-1 - INFO - Mae não deu missão (MAck). Esperar 10s.
2025-12-11 16:37:54,473 - MissionLink-1 - INFO - A pedir missao (Seq 53)...
2025-12-11 16:37:56,475 - MissionLink-1 - WARNING - Socket timeout no envio de MReq. Tentativas restantes: 2. a esperar 2s.
2025-12-11 16:38:00,480 - MissionLink-1 - WARNING - Socket timeout no envio de MReq. Tentativas restantes: 1. a esperar 4s.
2025-12-11 16:38:04,485 - MissionLink-1 - INFO - Mae não deu missão (MAck). Esperar 10s.
2025-12-11 16:38:14,495 - MissionLink-1 - INFO - A pedir missao (Seq 54)...
2025-12-11 16:38:16,498 - MissionLink-1 - WARNING - Socket timeout no envio de MReq. Tentativas restantes: 2. a esperar 2s.
2025-12-11 16:38:20,501 - MissionLink-1 - WARNING - Socket timeout no envio de MReq. Tentativas restantes: 1. a esperar 4s.
2025-12-11 16:38:24,506 - MissionLink-1 - INFO - Mae não deu missão (MAck). Esperar 10s.
2025-12-11 16:38:34,517 - MissionLink-1 - INFO - A pedir missao (Seq 55)...
2025-12-11 16:38:36,520 - MissionLink-1 - WARNING - Socket timeout no envio de MReq. Tentativas restantes: 2. a esperar 2s.
2025-12-11 16:38:40,524 - MissionLink-1 - WARNING - Socket timeout no envio de MReq. Tentativas restantes: 1. a esperar 4s.
2025-12-11 16:38:44,528 - MissionLink-1 - INFO - Mae não deu missão (MAck). Esperar 10s.
2025-12-11 16:38:54,536 - MissionLink-1 - INFO - A pedir missao (Seq 56)...
2025-12-11 16:38:56,539 - MissionLink-1 - WARNING - Socket timeout no envio de MReq. Tentativas restantes: 2. a esperar 2s.
2025-12-11 16:39:00,543 - MissionLink-1 - WARNING - Socket timeout no envio de MReq. Tentativas restantes: 1. a esperar 4s.
2025-12-11 16:39:04,546 - MissionLink-1 - INFO - Mae não deu missão (MAck). Esperar 10s.
2025-12-11 16:39:14,556 - MissionLink-1 - INFO - A pedir missao (Seq 57)...
2025-12-11 16:39:16,559 - MissionLink-1 - WARNING - Socket timeout no envio de MReq. Tentativas restantes: 2. a esperar 2s.
2025-12-11 16:39:20,563 - MissionLink-1 - WARNING - Socket timeout no envio de MReq. Tentativas restantes: 1. a esperar 4s.
2025-12-11 16:39:24,568 - MissionLink-1 - INFO - Mae não deu missão (MAck). Esperar 10s.
2025-12-11 16:39:34,574 - MissionLink-1 - INFO - A pedir missao (Seq 58)...
2025-12-11 16:39:36,575 - MissionLink-1 - WARNING - Socket timeout no envio de MReq. Tentativas restantes: 2. a esperar 2s.
2025-12-11 16:39:40,580 - MissionLink-1 - WARNING - Socket timeout no envio de MReq. Tentativas restantes: 1. a esperar 4s.
2025-12-11 16:39:44,585 - MissionLink-1 - INFO - Mae não deu missão (MAck). Esperar 10s.
2025-12-11 16:39:54,592 - MissionLink-1 - INFO - A pedir missao (Seq 59)...
2025-12-11 16:39:56,594 - MissionLink-1 - WARNING - Socket timeout no envio de MReq. Tentativas restantes: 2. a esperar 2s.
2025-12-11 16:40:00,599 - MissionLink-1 - WARNING - Socket timeout no envio de MReq. Tentativas restantes: 1. a esperar 4s.
2025-12-11 16:40:04,603 - MissionLink-1 - INFO - Mae não deu missão (MAck). Esperar 10s.
2025-12-11 16:40:14,612 - MissionLink-1 - INFO - A pedir missao (Seq 60)...
2025-12-11 16:40:16,614 - MissionLink-1 - WARNING - Socket timeout no envio de MReq. Tentativas restantes: 2. a esperar 2s.
2025-12-11 16:40:20,619 - MissionLink-1 - WARNING - Socket timeout no envio de MReq. Tentativas restantes: 1. a esperar 4s.
2025-12-11 16:40:24,621 - MissionLink-1 - INFO - Mae não deu missão (MAck). Esperar 10s.
2025-12-11 16:40:34,626 - MissionLink-1 - INFO - A pedir missao (Seq 61)...
2025-12-11 16:40:36,629 - MissionLink-1 - WARNING - Socket timeout no envio de MReq. Tentativas restantes: 2. a esperar 2s.
2025-12-11 16:40:40,632 - MissionLink-1 - WARNING - Socket timeout no envio de MReq. Tentativas restantes: 1. a esperar 4s.
2025-12-11 16:40:44,637 - MissionLink-1 - INFO - Mae não deu missão (MAck). Esperar 10s.
2025-12-11 16:40:49,792 - Physics-1 - WARNING - Bateria em 20.0%. Entrando em MODO DE RECARGA (30s).
2025-12-11 16:40:54,642 - MissionLink-1 - INFO - Em modo de recarga. A aguardar...
2025-12-11 16:40:59,647 - MissionLink-1 - INFO - Em modo de recarga. A aguardar...
2025-12-11 16:41:04,653 - MissionLink-1 - INFO - Em modo de recarga. A aguardar...
2025-12-11 16:41:09,658 - MissionLink-1 - INFO - Em modo de recarga. A aguardar...
2025-12-11 16:41:14,663 - MissionLink-1 - INFO - Em modo de recarga. A aguardar...
2025-12-11 16:41:19,665 - MissionLink-1 - INFO - Em modo de recarga. A aguardar...
2025-12-11 16:41:19,827 - Physics-1 - INFO - RECARGA FORÇADA COMPLETA! Bateria a 100%. Rover pronto para missões.
2025-12-11 16:41:24,670 - MissionLink-1 - INFO - A pedir missao (Seq 62)...
2025-12-11 16:41:26,672 - MissionLink-1 - WARNING - Socket timeout no envio de MReq. Tentativas restantes: 2. a esperar 2s.
2025-12-11 16:41:30,677 - MissionLink-1 - WARNING - Socket timeout no envio de MReq. Tentativas restantes: 1. a esperar 4s.
2025-12-11 16:41:34,682 - MissionLink-1 - INFO - Mae não deu missão (MAck). Esperar 10s.
2025-12-11 16:41:44,690 - MissionLink-1 - INFO - A pedir missao (Seq 63)...
2025-12-11 16:41:46,692 - MissionLink-1 - WARNING - Socket timeout no envio de MReq. Tentativas restantes: 2. a esperar 2s.
2025-12-11 16:41:50,697 - MissionLink-1 - WARNING - Socket timeout no envio de MReq. Tentativas restantes: 1. a esperar 4s.
2025-12-11 16:41:54,699 - MissionLink-1 - INFO - Mae não deu missão (MAck). Esperar 10s.
2025-12-11 16:42:04,701 - MissionLink-1 - INFO - A pedir missao (Seq 64)...
2025-12-11 16:42:06,703 - MissionLink-1 - WARNING - Socket timeout no envio de MReq. Tentativas restantes: 2. a esperar 2s.
2025-12-11 16:42:10,708 - MissionLink-1 - WARNING - Socket timeout no envio de MReq. Tentativas restantes: 1. a esperar 4s.
2025-12-11 16:42:14,713 - MissionLink-1 - INFO - Mae não deu missão (MAck). Esperar 10s.
2025-12-11 16:42:24,718 - MissionLink-1 - INFO - A pedir missao (Seq 65)...
2025-12-11 16:42:26,720 - MissionLink-1 - WARNING - Socket timeout no envio de MReq. Tentativas restantes: 2. a esperar 2s.
2025-12-11 16:42:30,724 - MissionLink-1 - WARNING - Socket timeout no envio de MReq. Tentativas restantes: 1. a esperar 4s.
2025-12-11 16:42:34,730 - MissionLink-1 - INFO - Mae não deu missão (MAck). Esperar 10s.
2025-12-11 16:42:44,734 - MissionLink-1 - INFO - A pedir missao (Seq 66)...
2025-12-11 16:42:46,737 - MissionLink-1 - WARNING - Socket timeout no envio de MReq. Tentativas restantes: 2. a esperar 2s.
2025-12-11 16:42:50,741 - MissionLink-1 - WARNING - Socket timeout no envio de MReq. Tentativas restantes: 1. a esperar 4s.
2025-12-11 16:42:54,745 - MissionLink-1 - INFO - Mae não deu missão (MAck). Esperar 10s.
2025-12-11 16:43:04,746 - MissionLink-1 - INFO - A pedir missao (Seq 67)...
2025-12-11 16:43:06,747 - MissionLink-1 - WARNING - Socket timeout no envio de MReq. Tentativas restantes: 2. a esperar 2s.
2025-12-11 16:43:10,751 - MissionLink-1 - WARNING - Socket timeout no envio de MReq. Tentativas restantes: 1. a esperar 4s.
2025-12-11 16:43:14,755 - MissionLink-1 - INFO - Mae não deu missão (MAck). Esperar 10s.
2025-12-11 16:43:24,766 - MissionLink-1 - INFO - A pedir missao (Seq 68)...
2025-12-11 16:43:26,768 - MissionLink-1 - WARNING - Socket timeout no envio de MReq. Tentativas restantes: 2. a esperar 2s.
2025-12-11 16:43:30,772 - MissionLink-1 - WARNING - Socket timeout no envio de MReq. Tentativas restantes: 1. a esperar 4s.
2025-12-11 16:43:34,775 - MissionLink-1 - INFO - Mae não deu missão (MAck). Esperar 10s.
2025-12-11 16:43:44,777 - MissionLink-1 - INFO - A pedir missao (Seq 69)...
2025-12-11 16:43:46,779 - MissionLink-1 - WARNING - Socket timeout no envio de MReq. Tentativas restantes: 2. a esperar 2s.
2025-12-11 16:43:50,784 - MissionLink-1 - WARNING - Socket timeout no envio de MReq. Tentativas restantes: 1. a esperar 4s.
2025-12-11 16:43:54,787 - MissionLink-1 - INFO - Mae não deu missão (MAck). Esperar 10s.
2025-12-11 16:44:04,796 - MissionLink-1 - INFO - A pedir missao (Seq 70)...
2025-12-11 16:44:06,798 - MissionLink-1 - WARNING - Socket timeout no envio de MReq. Tentativas restantes: 2. a esperar 2s.
2025-12-11 16:44:10,801 - MissionLink-1 - WARNING - Socket timeout no envio de MReq. Tentativas restantes: 1. a esperar 4s.
2025-12-11 16:44:14,804 - MissionLink-1 - INFO - Mae não deu missão (MAck). Esperar 10s.
2025-12-11 16:44:24,815 - MissionLink-1 - INFO - A pedir missao (Seq 71)...
2025-12-11 16:44:26,817 - MissionLink-1 - WARNING - Socket timeout no envio de MReq. Tentativas restantes: 2. a esperar 2s.
2025-12-11 16:44:30,822 - MissionLink-1 - WARNING - Socket timeout no envio de MReq. Tentativas restantes: 1. a esperar 4s.
2025-12-11 16:44:34,827 - MissionLink-1 - INFO - Mae não deu missão (MAck). Esperar 10s.
2025-12-11 16:44:44,837 - MissionLink-1 - INFO - A pedir missao (Seq 72)...
2025-12-11 16:44:46,840 - MissionLink-1 - WARNING - Socket timeout no envio de MReq. Tentativas restantes: 2. a esperar 2s.
2025-12-11 16:44:50,844 - MissionLink-1 - WARNING - Socket timeout no envio de MReq. Tentativas restantes: 1. a esperar 4s.
2025-12-11 16:44:54,850 - MissionLink-1 - INFO - Mae não deu missão (MAck). Esperar 10s.
2025-12-11 16:45:04,860 - MissionLink-1 - INFO - A pedir missao (Seq 73)...
2025-12-11 16:45:06,863 - MissionLink-1 - WARNING - Socket timeout no envio de MReq. Tentativas restantes: 2. a esperar 2s.
2025-12-11 16:45:10,867 - MissionLink-1 - WARNING - Socket timeout no envio de MReq. Tentativas restantes: 1. a esperar 4s.
2025-12-11 16:45:14,870 - MissionLink-1 - INFO - Mae não deu missão (MAck). Esperar 10s.
2025-12-11 16:45:24,881 - MissionLink-1 - INFO - A pedir missao (Seq 74)...
2025-12-11 16:45:26,883 - MissionLink-1 - WARNING - Socket timeout no envio de MReq. Tentativas restantes: 2. a esperar 2s.
2025-12-11 16:45:30,888 - MissionLink-1 - WARNING - Socket timeout no envio de MReq. Tentativas restantes: 1. a esperar 4s.
2025-12-11 16:45:34,893 - MissionLink-1 - INFO - Mae não deu missão (MAck). Esperar 10s.
2025-12-11 16:45:44,904 - MissionLink-1 - INFO - A pedir missao (Seq 75)...
2025-12-11 16:45:46,906 - MissionLink-1 - WARNING - Socket timeout no envio de MReq. Tentativas restantes: 2. a esperar 2s.
2025-12-11 16:45:50,911 - MissionLink-1 - WARNING - Socket timeout no envio de MReq. Tentativas restantes: 1. a esperar 4s.
2025-12-11 16:45:54,916 - MissionLink-1 - INFO - Mae não deu missão (MAck). Esperar 10s.
2025-12-11 16:46:04,926 - MissionLink-1 - INFO - A pedir missao (Seq 76)...
2025-12-11 16:46:06,929 - MissionLink-1 - WARNING - Socket timeout no envio de MReq. Tentativas restantes: 2. a esperar 2s.
2025-12-11 16:46:10,932 - MissionLink-1 - WARNING - Socket timeout no envio de MReq. Tentativas restantes: 1. a esperar 4s.
2025-12-11 16:46:14,937 - MissionLink-1 - INFO - Mae não deu missão (MAck). Esperar 10s.
2025-12-11 16:46:24,947 - MissionLink-1 - INFO - A pedir missao (Seq 77)...
2025-12-11 16:46:26,950 - MissionLink-1 - WARNING - Socket timeout no envio de MReq. Tentativas restantes: 2. a esperar 2s.
2025-12-11 16:46:30,955 - MissionLink-1 - WARNING - Socket timeout no envio de MReq. Tentativas restantes: 1. a esperar 4s.
2025-12-11 16:46:34,960 - MissionLink-1 - INFO - Mae não deu missão (MAck). Esperar 10s.
2025-12-11 16:46:44,970 - MissionLink-1 - INFO - A pedir missao (Seq 78)...
2025-12-11 16:46:46,973 - MissionLink-1 - WARNING - Socket timeout no envio de MReq. Tentativas restantes: 2. a esperar 2s.
2025-12-11 16:46:50,977 - MissionLink-1 - WARNING - Socket timeout no envio de MReq. Tentativas restantes: 1. a esperar 4s.
2025-12-11 16:46:54,982 - MissionLink-1 - INFO - Mae não deu missão (MAck). Esperar 10s.
2025-12-11 16:47:04,987 - MissionLink-1 - INFO - A pedir missao (Seq 79)...
2025-12-11 16:47:06,990 - MissionLink-1 - WARNING - Socket timeout no envio de MReq. Tentativas restantes: 2. a esperar 2s.
2025-12-11 16:47:10,995 - MissionLink-1 - WARNING - Socket timeout no envio de MReq. Tentativas restantes: 1. a esperar 4s.
2025-12-11 16:47:15,000 - MissionLink-1 - INFO - Mae não deu missão (MAck). Esperar 10s.
2025-12-11 16:47:25,010 - MissionLink-1 - INFO - A pedir missao (Seq 80)...
2025-12-11 16:47:27,013 - MissionLink-1 - WARNING - Socket timeout no envio de MReq. Tentativas restantes: 2. a esperar 2s.
2025-12-11 16:47:31,017 - MissionLink-1 - WARNING - Socket timeout no envio de MReq. Tentativas restantes: 1. a esperar 4s.
2025-12-11 16:47:35,023 - MissionLink-1 - INFO - Mae não deu missão (MAck). Esperar 10s.
2025-12-11 16:47:45,028 - MissionLink-1 - INFO - A pedir missao (Seq 81)...
2025-12-11 16:47:47,030 - MissionLink-1 - WARNING - Socket timeout no envio de MReq. Tentativas restantes: 2. a esperar 2s.
2025-12-11 16:47:51,035 - MissionLink-1 - WARNING - Socket timeout no envio de MReq. Tentativas restantes: 1. a esperar 4s.
2025-12-11 16:47:55,040 - MissionLink-1 - INFO - Mae não deu missão (MAck). Esperar 10s.
2025-12-11 16:48:00,252 - Physics-1 - WARNING - Bateria em 20.0%. Entrando em MODO DE RECARGA (30s).
2025-12-11 16:48:05,051 - MissionLink-1 - INFO - Em modo de recarga. A aguardar...
2025-12-11 16:48:10,056 - MissionLink-1 - INFO - Em modo de recarga. A aguardar...
2025-12-11 16:48:15,062 - MissionLink-1 - INFO - Em modo de recarga. A aguardar...
2025-12-11 16:48:20,067 - MissionLink-1 - INFO - Em modo de recarga. A aguardar...
2025-12-11 16:48:25,072 - MissionLink-1 - INFO - Em modo de recarga. A aguardar...
2025-12-11 16:48:30,078 - MissionLink-1 - INFO - Em modo de recarga. A aguardar...
2025-12-11 16:48:30,284 - Physics-1 - INFO - RECARGA FORÇADA COMPLETA! Bateria a 100%. Rover pronto para missões.
2025-12-11 16:48:35,083 - MissionLink-1 - INFO - A pedir missao (Seq 82)...
2025-12-11 16:48:37,085 - MissionLink-1 - WARNING - Socket timeout no envio de MReq. Tentativas restantes: 2. a esperar 2s.
2025-12-11 16:48:41,089 - MissionLink-1 - WARNING - Socket timeout no envio de MReq. Tentativas restantes: 1. a esperar 4s.
2025-12-11 16:48:45,094 - MissionLink-1 - INFO - Mae não deu missão (MAck). Esperar 10s.
2025-12-11 16:48:55,103 - MissionLink-1 - INFO - A pedir missao (Seq 83)...
2025-12-11 16:48:57,105 - MissionLink-1 - WARNING - Socket timeout no envio de MReq. Tentativas restantes: 2. a esperar 2s.
2025-12-11 16:49:01,110 - MissionLink-1 - WARNING - Socket timeout no envio de MReq. Tentativas restantes: 1. a esperar 4s.
2025-12-11 16:49:05,115 - MissionLink-1 - INFO - Mae não deu missão (MAck). Esperar 10s.
2025-12-11 16:49:15,124 - MissionLink-1 - INFO - A pedir missao (Seq 84)...
2025-12-11 16:49:17,127 - MissionLink-1 - WARNING - Socket timeout no envio de MReq. Tentativas restantes: 2. a esperar 2s.
2025-12-11 16:49:21,132 - MissionLink-1 - WARNING - Socket timeout no envio de MReq. Tentativas restantes: 1. a esperar 4s.
2025-12-11 16:49:25,137 - MissionLink-1 - INFO - Mae não deu missão (MAck). Esperar 10s.
2025-12-11 16:49:35,138 - MissionLink-1 - INFO - A pedir missao (Seq 85)...
2025-12-11 16:49:37,140 - MissionLink-1 - WARNING - Socket timeout no envio de MReq. Tentativas restantes: 2. a esperar 2s.
2025-12-11 16:49:41,144 - MissionLink-1 - WARNING - Socket timeout no envio de MReq. Tentativas restantes: 1. a esperar 4s.
2025-12-11 16:49:45,146 - MissionLink-1 - INFO - Mae não deu missão (MAck). Esperar 10s.
2025-12-11 16:49:55,157 - MissionLink-1 - INFO - A pedir missao (Seq 86)...
2025-12-11 16:49:57,159 - MissionLink-1 - WARNING - Socket timeout no envio de MReq. Tentativas restantes: 2. a esperar 2s.
2025-12-11 16:50:01,164 - MissionLink-1 - WARNING - Socket timeout no envio de MReq. Tentativas restantes: 1. a esperar 4s.
2025-12-11 16:50:05,169 - MissionLink-1 - INFO - Mae não deu missão (MAck). Esperar 10s.
2025-12-11 16:50:15,180 - MissionLink-1 - INFO - A pedir missao (Seq 87)...
2025-12-11 16:50:17,182 - MissionLink-1 - WARNING - Socket timeout no envio de MReq. Tentativas restantes: 2. a esperar 2s.
2025-12-11 16:50:21,187 - MissionLink-1 - WARNING - Socket timeout no envio de MReq. Tentativas restantes: 1. a esperar 4s.
2025-12-11 16:50:25,192 - MissionLink-1 - INFO - Mae não deu missão (MAck). Esperar 10s.
2025-12-11 16:50:35,203 - MissionLink-1 - INFO - A pedir missao (Seq 88)...
2025-12-11 16:50:37,205 - MissionLink-1 - WARNING - Socket timeout no envio de MReq. Tentativas restantes: 2. a esperar 2s.
2025-12-11 16:50:41,210 - MissionLink-1 - WARNING - Socket timeout no envio de MReq. Tentativas restantes: 1. a esperar 4s.
2025-12-11 16:50:45,215 - MissionLink-1 - INFO - Mae não deu missão (MAck). Esperar 10s.
2025-12-11 16:50:55,225 - MissionLink-1 - INFO - A pedir missao (Seq 89)...
2025-12-11 16:50:57,228 - MissionLink-1 - WARNING - Socket timeout no envio de MReq. Tentativas restantes: 2. a esperar 2s.
2025-12-11 16:51:01,233 - MissionLink-1 - WARNING - Socket timeout no envio de MReq. Tentativas restantes: 1. a esperar 4s.
2025-12-11 16:51:05,238 - MissionLink-1 - INFO - Mae não deu missão (MAck). Esperar 10s.
2025-12-11 16:51:15,248 - MissionLink-1 - INFO - A pedir missao (Seq 90)...
2025-12-11 16:51:17,251 - MissionLink-1 - WARNING - Socket timeout no envio de MReq. Tentativas restantes: 2. a esperar 2s.
2025-12-11 16:51:21,255 - MissionLink-1 - WARNING - Socket timeout no envio de MReq. Tentativas restantes: 1. a esperar 4s.
2025-12-11 16:51:25,260 - MissionLink-1 - INFO - Mae não deu missão (MAck). Esperar 10s.
2025-12-11 16:51:35,271 - MissionLink-1 - INFO - A pedir missao (Seq 91)...
2025-12-11 16:51:37,273 - MissionLink-1 - WARNING - Socket timeout no envio de MReq. Tentativas restantes: 2. a esperar 2s.
2025-12-11 16:51:41,278 - MissionLink-1 - WARNING - Socket timeout no envio de MReq. Tentativas restantes: 1. a esperar 4s.
2025-12-11 16:51:45,283 - MissionLink-1 - INFO - Mae não deu missão (MAck). Esperar 10s.
2025-12-11 16:51:55,293 - MissionLink-1 - INFO - A pedir missao (Seq 92)...
2025-12-11 16:51:57,296 - MissionLink-1 - WARNING - Socket timeout no envio de MReq. Tentativas restantes: 2. a esperar 2s.
2025-12-11 16:52:01,301 - MissionLink-1 - WARNING - Socket timeout no envio de MReq. Tentativas restantes: 1. a esperar 4s.
2025-12-11 16:52:05,306 - MissionLink-1 - INFO - Mae não deu missão (MAck). Esperar 10s.
2025-12-11 16:52:15,316 - MissionLink-1 - INFO - A pedir missao (Seq 93)...
2025-12-11 16:52:17,319 - MissionLink-1 - WARNING - Socket timeout no envio de MReq. Tentativas restantes: 2. a esperar 2s.
2025-12-11 16:52:21,323 - MissionLink-1 - WARNING - Socket timeout no envio de MReq. Tentativas restantes: 1. a esperar 4s.
2025-12-11 16:52:25,328 - MissionLink-1 - INFO - Mae não deu missão (MAck). Esperar 10s.
2025-12-11 16:52:35,338 - MissionLink-1 - INFO - A pedir missao (Seq 94)...
2025-12-11 16:52:37,341 - MissionLink-1 - WARNING - Socket timeout no envio de MReq. Tentativas restantes: 2. a esperar 2s.
2025-12-11 16:52:41,344 - MissionLink-1 - WARNING - Socket timeout no envio de MReq. Tentativas restantes: 1. a esperar 4s.
2025-12-11 16:52:45,349 - MissionLink-1 - INFO - Mae não deu missão (MAck). Esperar 10s.
2025-12-11 16:52:55,360 - MissionLink-1 - INFO - A pedir missao (Seq 95)...
2025-12-11 16:52:57,362 - MissionLink-1 - WARNING - Socket timeout no envio de MReq. Tentativas restantes: 2. a esperar 2s.
2025-12-11 16:53:01,367 - MissionLink-1 - WARNING - Socket timeout no envio de MReq. Tentativas restantes: 1. a esperar 4s.
2025-12-11 16:53:05,372 - MissionLink-1 - INFO - Mae não deu missão (MAck). Esperar 10s.
2025-12-11 16:53:15,382 - MissionLink-1 - INFO - A pedir missao (Seq 96)...
2025-12-11 16:53:17,385 - MissionLink-1 - WARNING - Socket timeout no envio de MReq. Tentativas restantes: 2. a esperar 2s.
2025-12-11 16:53:21,389 - MissionLink-1 - WARNING - Socket timeout no envio de MReq. Tentativas restantes: 1. a esperar 4s.
2025-12-11 16:53:25,392 - MissionLink-1 - INFO - Mae não deu missão (MAck). Esperar 10s.
2025-12-11 16:53:35,402 - MissionLink-1 - INFO - A pedir missao (Seq 97)...
2025-12-11 16:53:37,404 - MissionLink-1 - WARNING - Socket timeout no envio de MReq. Tentativas restantes: 2. a esperar 2s.
2025-12-11 16:53:41,409 - MissionLink-1 - WARNING - Socket timeout no envio de MReq. Tentativas restantes: 1. a esperar 4s.
2025-12-11 16:53:45,414 - MissionLink-1 - INFO - Mae não deu missão (MAck). Esperar 10s.
2025-12-11 16:53:55,423 - MissionLink-1 - INFO - A pedir missao (Seq 98)...
2025-12-11 16:53:57,425 - MissionLink-1 - WARNING - Socket timeout no envio de MReq. Tentativas restantes: 2. a esperar 2s.
2025-12-11 16:54:01,429 - MissionLink-1 - WARNING - Socket timeout no envio de MReq. Tentativas restantes: 1. a esperar 4s.
2025-12-11 16:54:05,434 - MissionLink-1 - INFO - Mae não deu missão (MAck). Esperar 10s.
2025-12-11 16:54:15,440 - MissionLink-1 - INFO - A pedir missao (Seq 99)...
2025-12-11 16:54:17,442 - MissionLink-1 - WARNING - Socket timeout no envio de MReq. Tentativas restantes: 2. a esperar 2s.
2025-12-11 16:54:21,447 - MissionLink-1 - WARNING - Socket timeout no envio de MReq. Tentativas restantes: 1. a esperar 4s.
2025-12-11 16:54:25,452 - MissionLink-1 - INFO - Mae não deu missão (MAck). Esperar 10s.
2025-12-11 16:54:35,461 - MissionLink-1 - INFO - A pedir missao (Seq 100)...
2025-12-11 16:54:37,464 - MissionLink-1 - WARNING - Socket timeout no envio de MReq. Tentativas restantes: 2. a esperar 2s.
2025-12-11 16:54:41,468 - MissionLink-1 - WARNING - Socket timeout no envio de MReq. Tentativas restantes: 1. a esperar 4s.
2025-12-11 16:54:45,473 - MissionLink-1 - INFO - Mae não deu missão (MAck). Esperar 10s.
2025-12-11 16:54:55,479 - MissionLink-1 - INFO - A pedir missao (Seq 101)...
2025-12-11 16:54:57,481 - MissionLink-1 - WARNING - Socket timeout no envio de MReq. Tentativas restantes: 2. a esperar 2s.
2025-12-11 16:55:01,486 - MissionLink-1 - WARNING - Socket timeout no envio de MReq. Tentativas restantes: 1. a esperar 4s.
2025-12-11 16:55:05,487 - MissionLink-1 - INFO - Mae não deu missão (MAck). Esperar 10s.
2025-12-11 16:55:10,715 - Physics-1 - WARNING - Bateria em 20.0%. Entrando em MODO DE RECARGA (30s).
2025-12-11 16:55:15,498 - MissionLink-1 - INFO - Em modo de recarga. A aguardar...
2025-12-11 16:55:20,503 - MissionLink-1 - INFO - Em modo de recarga. A aguardar...
2025-12-11 16:55:25,507 - MissionLink-1 - INFO - Em modo de recarga. A aguardar...
2025-12-11 16:55:30,512 - MissionLink-1 - INFO - Em modo de recarga. A aguardar...
2025-12-11 16:55:35,516 - MissionLink-1 - INFO - Em modo de recarga. A aguardar...
2025-12-11 16:55:40,522 - MissionLink-1 - INFO - Em modo de recarga. A aguardar...
2025-12-11 16:55:40,747 - Physics-1 - INFO - RECARGA FORÇADA COMPLETA! Bateria a 100%. Rover pronto para missões.
2025-12-11 16:55:45,527 - MissionLink-1 - INFO - A pedir missao (Seq 102)...
2025-12-11 16:55:47,528 - MissionLink-1 - WARNING - Socket timeout no envio de MReq. Tentativas restantes: 2. a esperar 2s.
2025-12-11 16:55:51,533 - MissionLink-1 - WARNING - Socket timeout no envio de MReq. Tentativas restantes: 1. a esperar 4s.
2025-12-11 16:55:55,538 - MissionLink-1 - INFO - Mae não deu missão (MAck). Esperar 10s.
2025-12-11 16:56:05,547 - MissionLink-1 - INFO - A pedir missao (Seq 103)...
2025-12-11 16:56:07,550 - MissionLink-1 - WARNING - Socket timeout no envio de MReq. Tentativas restantes: 2. a esperar 2s.
2025-12-11 16:56:11,554 - MissionLink-1 - WARNING - Socket timeout no envio de MReq. Tentativas restantes: 1. a esperar 4s.
2025-12-11 16:56:15,558 - MissionLink-1 - INFO - Mae não deu missão (MAck). Esperar 10s.
2025-12-11 16:56:25,586 - MissionLink-1 - INFO - A pedir missao (Seq 104)...
2025-12-11 16:56:27,589 - MissionLink-1 - WARNING - Socket timeout no envio de MReq. Tentativas restantes: 2. a esperar 2s.
2025-12-11 16:56:31,592 - MissionLink-1 - WARNING - Socket timeout no envio de MReq. Tentativas restantes: 1. a esperar 4s.
2025-12-11 16:56:35,597 - MissionLink-1 - INFO - Mae não deu missão (MAck). Esperar 10s.
2025-12-11 16:56:45,599 - MissionLink-1 - INFO - A pedir missao (Seq 105)...
2025-12-11 16:56:47,601 - MissionLink-1 - WARNING - Socket timeout no envio de MReq. Tentativas restantes: 2. a esperar 2s.
2025-12-11 16:56:51,606 - MissionLink-1 - WARNING - Socket timeout no envio de MReq. Tentativas restantes: 1. a esperar 4s.
2025-12-11 16:56:55,609 - MissionLink-1 - INFO - Mae não deu missão (MAck). Esperar 10s.
2025-12-11 16:57:05,611 - MissionLink-1 - INFO - A pedir missao (Seq 106)...
2025-12-11 16:57:07,612 - MissionLink-1 - WARNING - Socket timeout no envio de MReq. Tentativas restantes: 2. a esperar 2s.
2025-12-11 16:57:11,617 - MissionLink-1 - WARNING - Socket timeout no envio de MReq. Tentativas restantes: 1. a esperar 4s.
2025-12-11 16:57:15,621 - MissionLink-1 - INFO - Mae não deu missão (MAck). Esperar 10s.
2025-12-11 16:57:25,631 - MissionLink-1 - INFO - A pedir missao (Seq 107)...
2025-12-11 16:57:27,633 - MissionLink-1 - WARNING - Socket timeout no envio de MReq. Tentativas restantes: 2. a esperar 2s.
2025-12-11 16:57:31,638 - MissionLink-1 - WARNING - Socket timeout no envio de MReq. Tentativas restantes: 1. a esperar 4s.
2025-12-11 16:57:35,641 - MissionLink-1 - INFO - Mae não deu missão (MAck). Esperar 10s.
2025-12-11 16:57:45,652 - MissionLink-1 - INFO - A pedir missao (Seq 108)...
2025-12-11 16:57:47,654 - MissionLink-1 - WARNING - Socket timeout no envio de MReq. Tentativas restantes: 2. a esperar 2s.
2025-12-11 16:57:51,657 - MissionLink-1 - WARNING - Socket timeout no envio de MReq. Tentativas restantes: 1. a esperar 4s.
2025-12-11 16:57:55,662 - MissionLink-1 - INFO - Mae não deu missão (MAck). Esperar 10s.
2025-12-11 16:58:05,664 - MissionLink-1 - INFO - A pedir missao (Seq 109)...
2025-12-11 16:58:07,666 - MissionLink-1 - WARNING - Socket timeout no envio de MReq. Tentativas restantes: 2. a esperar 2s.
2025-12-11 16:58:11,670 - MissionLink-1 - WARNING - Socket timeout no envio de MReq. Tentativas restantes: 1. a esperar 4s.
2025-12-11 16:58:15,675 - MissionLink-1 - INFO - Mae não deu missão (MAck). Esperar 10s.
2025-12-11 16:58:25,684 - MissionLink-1 - INFO - A pedir missao (Seq 110)...
2025-12-11 16:58:27,686 - MissionLink-1 - WARNING - Socket timeout no envio de MReq. Tentativas restantes: 2. a esperar 2s.
2025-12-11 16:58:31,690 - MissionLink-1 - WARNING - Socket timeout no envio de MReq. Tentativas restantes: 1. a esperar 4s.
2025-12-11 16:58:35,695 - MissionLink-1 - INFO - Mae não deu missão (MAck). Esperar 10s.
2025-12-11 16:58:45,704 - MissionLink-1 - INFO - A pedir missao (Seq 111)...
2025-12-11 16:58:47,706 - MissionLink-1 - WARNING - Socket timeout no envio de MReq. Tentativas restantes: 2. a esperar 2s.
2025-12-11 16:58:51,710 - MissionLink-1 - WARNING - Socket timeout no envio de MReq. Tentativas restantes: 1. a esperar 4s.
2025-12-11 16:58:55,715 - MissionLink-1 - INFO - Mae não deu missão (MAck). Esperar 10s.
2025-12-11 16:59:05,725 - MissionLink-1 - INFO - A pedir missao (Seq 112)...
2025-12-11 16:59:07,727 - MissionLink-1 - WARNING - Socket timeout no envio de MReq. Tentativas restantes: 2. a esperar 2s.
2025-12-11 16:59:11,730 - MissionLink-1 - WARNING - Socket timeout no envio de MReq. Tentativas restantes: 1. a esperar 4s.
2025-12-11 16:59:15,735 - MissionLink-1 - INFO - Mae não deu missão (MAck). Esperar 10s.
2025-12-11 16:59:25,746 - MissionLink-1 - INFO - A pedir missao (Seq 113)...
2025-12-11 16:59:27,748 - MissionLink-1 - WARNING - Socket timeout no envio de MReq. Tentativas restantes: 2. a esperar 2s.
2025-12-11 16:59:31,753 - MissionLink-1 - WARNING - Socket timeout no envio de MReq. Tentativas restantes: 1. a esperar 4s.
2025-12-11 16:59:35,758 - MissionLink-1 - INFO - Mae não deu missão (MAck). Esperar 10s.
2025-12-11 16:59:45,767 - MissionLink-1 - INFO - A pedir missao (Seq 114)...
2025-12-11 16:59:47,770 - MissionLink-1 - WARNING - Socket timeout no envio de MReq. Tentativas restantes: 2. a esperar 2s.
2025-12-11 16:59:51,774 - MissionLink-1 - WARNING - Socket timeout no envio de MReq. Tentativas restantes: 1. a esperar 4s.
2025-12-11 16:59:55,779 - MissionLink-1 - INFO - Mae não deu missão (MAck). Esperar 10s.
2025-12-11 17:00:05,781 - MissionLink-1 - INFO - A pedir missao (Seq 115)...
2025-12-11 17:00:07,782 - MissionLink-1 - WARNING - Socket timeout no envio de MReq. Tentativas restantes: 2. a esperar 2s.
2025-12-11 17:00:11,787 - MissionLink-1 - WARNING - Socket timeout no envio de MReq. Tentativas restantes: 1. a esperar 4s.
2025-12-11 17:00:15,788 - MissionLink-1 - INFO - Mae não deu missão (MAck). Esperar 10s.
2025-12-11 17:00:25,798 - MissionLink-1 - INFO - A pedir missao (Seq 116)...
2025-12-11 17:00:27,800 - MissionLink-1 - WARNING - Socket timeout no envio de MReq. Tentativas restantes: 2. a esperar 2s.
2025-12-11 17:00:31,803 - MissionLink-1 - WARNING - Socket timeout no envio de MReq. Tentativas restantes: 1. a esperar 4s.
2025-12-11 17:00:35,804 - MissionLink-1 - INFO - Mae não deu missão (MAck). Esperar 10s.
2025-12-11 17:00:45,815 - MissionLink-1 - INFO - A pedir missao (Seq 117)...
2025-12-11 17:00:47,817 - MissionLink-1 - WARNING - Socket timeout no envio de MReq. Tentativas restantes: 2. a esperar 2s.
2025-12-11 17:00:51,821 - MissionLink-1 - WARNING - Socket timeout no envio de MReq. Tentativas restantes: 1. a esperar 4s.
2025-12-11 17:00:55,826 - MissionLink-1 - INFO - Mae não deu missão (MAck). Esperar 10s.
2025-12-11 17:01:05,834 - MissionLink-1 - INFO - A pedir missao (Seq 118)...
2025-12-11 17:01:07,836 - MissionLink-1 - WARNING - Socket timeout no envio de MReq. Tentativas restantes: 2. a esperar 2s.
2025-12-11 17:01:11,840 - MissionLink-1 - WARNING - Socket timeout no envio de MReq. Tentativas restantes: 1. a esperar 4s.
2025-12-11 17:01:15,842 - MissionLink-1 - INFO - Mae não deu missão (MAck). Esperar 10s.
2025-12-11 17:01:25,853 - MissionLink-1 - INFO - A pedir missao (Seq 119)...
2025-12-11 17:01:27,855 - MissionLink-1 - WARNING - Socket timeout no envio de MReq. Tentativas restantes: 2. a esperar 2s.
2025-12-11 17:01:31,859 - MissionLink-1 - WARNING - Socket timeout no envio de MReq. Tentativas restantes: 1. a esperar 4s.
2025-12-11 17:01:35,864 - MissionLink-1 - INFO - Mae não deu missão (MAck). Esperar 10s.
2025-12-11 17:01:45,870 - MissionLink-1 - INFO - A pedir missao (Seq 120)...
2025-12-11 17:01:47,872 - MissionLink-1 - WARNING - Socket timeout no envio de MReq. Tentativas restantes: 2. a esperar 2s.
2025-12-11 17:01:51,877 - MissionLink-1 - WARNING - Socket timeout no envio de MReq. Tentativas restantes: 1. a esperar 4s.
2025-12-11 17:01:55,882 - MissionLink-1 - INFO - Mae não deu missão (MAck). Esperar 10s.
2025-12-11 17:02:05,892 - MissionLink-1 - INFO - A pedir missao (Seq 121)...
2025-12-11 17:02:07,894 - MissionLink-1 - WARNING - Socket timeout no envio de MReq. Tentativas restantes: 2. a esperar 2s.
2025-12-11 17:02:11,898 - MissionLink-1 - WARNING - Socket timeout no envio de MReq. Tentativas restantes: 1. a esperar 4s.
2025-12-11 17:02:15,903 - MissionLink-1 - INFO - Mae não deu missão (MAck). Esperar 10s.
2025-12-11 17:02:21,186 - Physics-1 - WARNING - Bateria em 20.0%. Entrando em MODO DE RECARGA (30s).
2025-12-11 17:02:25,912 - MissionLink-1 - INFO - Em modo de recarga. A aguardar...
2025-12-11 17:02:30,917 - MissionLink-1 - INFO - Em modo de recarga. A aguardar...
2025-12-11 17:02:35,923 - MissionLink-1 - INFO - Em modo de recarga. A aguardar...
2025-12-11 17:02:40,928 - MissionLink-1 - INFO - Em modo de recarga. A aguardar...
2025-12-11 17:02:45,930 - MissionLink-1 - INFO - Em modo de recarga. A aguardar...
2025-12-11 17:02:50,935 - MissionLink-1 - INFO - Em modo de recarga. A aguardar...
2025-12-11 17:02:51,221 - Physics-1 - INFO - RECARGA FORÇADA COMPLETA! Bateria a 100%. Rover pronto para missões.
2025-12-11 17:02:55,939 - MissionLink-1 - INFO - A pedir missao (Seq 122)...
2025-12-11 17:02:57,941 - MissionLink-1 - WARNING - Socket timeout no envio de MReq. Tentativas restantes: 2. a esperar 2s.
2025-12-11 17:03:01,946 - MissionLink-1 - WARNING - Socket timeout no envio de MReq. Tentativas restantes: 1. a esperar 4s.
2025-12-11 17:03:05,951 - MissionLink-1 - INFO - Mae não deu missão (MAck). Esperar 10s.
2025-12-11 17:03:15,953 - MissionLink-1 - INFO - A pedir missao (Seq 123)...
2025-12-11 17:03:17,955 - MissionLink-1 - WARNING - Socket timeout no envio de MReq. Tentativas restantes: 2. a esperar 2s.
2025-12-11 17:03:21,960 - MissionLink-1 - WARNING - Socket timeout no envio de MReq. Tentativas restantes: 1. a esperar 4s.
2025-12-11 17:03:25,964 - MissionLink-1 - INFO - Mae não deu missão (MAck). Esperar 10s.
2025-12-11 17:03:35,972 - MissionLink-1 - INFO - A pedir missao (Seq 124)...
2025-12-11 17:03:37,974 - MissionLink-1 - WARNING - Socket timeout no envio de MReq. Tentativas restantes: 2. a esperar 2s.
2025-12-11 17:03:41,977 - MissionLink-1 - WARNING - Socket timeout no envio de MReq. Tentativas restantes: 1. a esperar 4s.
2025-12-11 17:03:45,980 - MissionLink-1 - INFO - Mae não deu missão (MAck). Esperar 10s.
2025-12-11 17:03:55,991 - MissionLink-1 - INFO - A pedir missao (Seq 125)...
2025-12-11 17:03:57,993 - MissionLink-1 - WARNING - Socket timeout no envio de MReq. Tentativas restantes: 2. a esperar 2s.
2025-12-11 17:04:01,998 - MissionLink-1 - WARNING - Socket timeout no envio de MReq. Tentativas restantes: 1. a esperar 4s.
2025-12-11 17:04:06,003 - MissionLink-1 - INFO - Mae não deu missão (MAck). Esperar 10s.
2025-12-11 17:04:16,013 - MissionLink-1 - INFO - A pedir missao (Seq 126)...
2025-12-11 17:04:18,016 - MissionLink-1 - WARNING - Socket timeout no envio de MReq. Tentativas restantes: 2. a esperar 2s.
2025-12-11 17:04:22,020 - MissionLink-1 - WARNING - Socket timeout no envio de MReq. Tentativas restantes: 1. a esperar 4s.
2025-12-11 17:04:26,026 - MissionLink-1 - INFO - Mae não deu missão (MAck). Esperar 10s.
2025-12-11 17:04:36,036 - MissionLink-1 - INFO - A pedir missao (Seq 127)...
2025-12-11 17:04:38,039 - MissionLink-1 - WARNING - Socket timeout no envio de MReq. Tentativas restantes: 2. a esperar 2s.
2025-12-11 17:04:42,043 - MissionLink-1 - WARNING - Socket timeout no envio de MReq. Tentativas restantes: 1. a esperar 4s.
2025-12-11 17:04:46,048 - MissionLink-1 - INFO - Mae não deu missão (MAck). Esperar 10s.
2025-12-11 17:04:56,059 - MissionLink-1 - INFO - A pedir missao (Seq 128)...
2025-12-11 17:04:58,061 - MissionLink-1 - WARNING - Socket timeout no envio de MReq. Tentativas restantes: 2. a esperar 2s.
2025-12-11 17:05:02,066 - MissionLink-1 - WARNING - Socket timeout no envio de MReq. Tentativas restantes: 1. a esperar 4s.
2025-12-11 17:05:06,070 - MissionLink-1 - INFO - Mae não deu missão (MAck). Esperar 10s.
2025-12-11 17:05:16,081 - MissionLink-1 - INFO - A pedir missao (Seq 129)...
2025-12-11 17:05:18,083 - MissionLink-1 - WARNING - Socket timeout no envio de MReq. Tentativas restantes: 2. a esperar 2s.
2025-12-11 17:05:22,087 - MissionLink-1 - WARNING - Socket timeout no envio de MReq. Tentativas restantes: 1. a esperar 4s.
2025-12-11 17:05:26,092 - MissionLink-1 - INFO - Mae não deu missão (MAck). Esperar 10s.
2025-12-11 17:05:36,103 - MissionLink-1 - INFO - A pedir missao (Seq 130)...
2025-12-11 17:05:38,105 - MissionLink-1 - WARNING - Socket timeout no envio de MReq. Tentativas restantes: 2. a esperar 2s.
2025-12-11 17:05:42,110 - MissionLink-1 - WARNING - Socket timeout no envio de MReq. Tentativas restantes: 1. a esperar 4s.
2025-12-11 17:05:46,115 - MissionLink-1 - INFO - Mae não deu missão (MAck). Esperar 10s.
2025-12-11 17:05:56,125 - MissionLink-1 - INFO - A pedir missao (Seq 131)...
2025-12-11 17:05:58,128 - MissionLink-1 - WARNING - Socket timeout no envio de MReq. Tentativas restantes: 2. a esperar 2s.
2025-12-11 17:06:02,133 - MissionLink-1 - WARNING - Socket timeout no envio de MReq. Tentativas restantes: 1. a esperar 4s.
2025-12-11 17:06:06,137 - MissionLink-1 - INFO - Mae não deu missão (MAck). Esperar 10s.
2025-12-11 17:06:16,148 - MissionLink-1 - INFO - A pedir missao (Seq 132)...
2025-12-11 17:06:18,150 - MissionLink-1 - WARNING - Socket timeout no envio de MReq. Tentativas restantes: 2. a esperar 2s.
2025-12-11 17:06:22,155 - MissionLink-1 - WARNING - Socket timeout no envio de MReq. Tentativas restantes: 1. a esperar 4s.
2025-12-11 17:06:26,160 - MissionLink-1 - INFO - Mae não deu missão (MAck). Esperar 10s.
2025-12-11 17:06:36,170 - MissionLink-1 - INFO - A pedir missao (Seq 133)...
2025-12-11 17:06:38,172 - MissionLink-1 - WARNING - Socket timeout no envio de MReq. Tentativas restantes: 2. a esperar 2s.
2025-12-11 17:06:42,176 - MissionLink-1 - WARNING - Socket timeout no envio de MReq. Tentativas restantes: 1. a esperar 4s.
2025-12-11 17:06:46,179 - MissionLink-1 - INFO - Mae não deu missão (MAck). Esperar 10s.
2025-12-11 17:06:56,188 - MissionLink-1 - INFO - A pedir missao (Seq 134)...
2025-12-11 17:06:58,190 - MissionLink-1 - WARNING - Socket timeout no envio de MReq. Tentativas restantes: 2. a esperar 2s.
2025-12-11 17:07:02,193 - MissionLink-1 - WARNING - Socket timeout no envio de MReq. Tentativas restantes: 1. a esperar 4s.
2025-12-11 17:07:06,197 - MissionLink-1 - INFO - Mae não deu missão (MAck). Esperar 10s.
2025-12-11 17:07:16,204 - MissionLink-1 - INFO - A pedir missao (Seq 135)...
2025-12-11 17:07:18,206 - MissionLink-1 - WARNING - Socket timeout no envio de MReq. Tentativas restantes: 2. a esperar 2s.
2025-12-11 17:07:22,210 - MissionLink-1 - WARNING - Socket timeout no envio de MReq. Tentativas restantes: 1. a esperar 4s.
2025-12-11 17:07:26,215 - MissionLink-1 - INFO - Mae não deu missão (MAck). Esperar 10s.
2025-12-11 17:07:36,225 - MissionLink-1 - INFO - A pedir missao (Seq 136)...
2025-12-11 17:07:38,227 - MissionLink-1 - WARNING - Socket timeout no envio de MReq. Tentativas restantes: 2. a esperar 2s.
2025-12-11 17:07:42,232 - MissionLink-1 - WARNING - Socket timeout no envio de MReq. Tentativas restantes: 1. a esperar 4s.
2025-12-11 17:07:46,233 - MissionLink-1 - INFO - Mae não deu missão (MAck). Esperar 10s.
2025-12-11 17:07:56,243 - MissionLink-1 - INFO - A pedir missao (Seq 137)...
2025-12-11 17:07:58,246 - MissionLink-1 - WARNING - Socket timeout no envio de MReq. Tentativas restantes: 2. a esperar 2s.
2025-12-11 17:08:02,250 - MissionLink-1 - WARNING - Socket timeout no envio de MReq. Tentativas restantes: 1. a esperar 4s.
2025-12-11 17:08:06,254 - MissionLink-1 - INFO - Mae não deu missão (MAck). Esperar 10s.
2025-12-11 17:08:16,265 - MissionLink-1 - INFO - A pedir missao (Seq 138)...
2025-12-11 17:08:18,267 - MissionLink-1 - WARNING - Socket timeout no envio de MReq. Tentativas restantes: 2. a esperar 2s.
2025-12-11 17:08:22,271 - MissionLink-1 - WARNING - Socket timeout no envio de MReq. Tentativas restantes: 1. a esperar 4s.
2025-12-11 17:08:26,276 - MissionLink-1 - INFO - Mae não deu missão (MAck). Esperar 10s.
2025-12-11 17:08:36,281 - MissionLink-1 - INFO - A pedir missao (Seq 139)...
2025-12-11 17:08:38,283 - MissionLink-1 - WARNING - Socket timeout no envio de MReq. Tentativas restantes: 2. a esperar 2s.
2025-12-11 17:08:42,287 - MissionLink-1 - WARNING - Socket timeout no envio de MReq. Tentativas restantes: 1. a esperar 4s.
2025-12-11 17:08:46,288 - MissionLink-1 - INFO - Mae não deu missão (MAck). Esperar 10s.
2025-12-11 17:08:56,294 - MissionLink-1 - INFO - A pedir missao (Seq 140)...
2025-12-11 17:08:58,296 - MissionLink-1 - WARNING - Socket timeout no envio de MReq. Tentativas restantes: 2. a esperar 2s.
2025-12-11 17:09:02,301 - MissionLink-1 - WARNING - Socket timeout no envio de MReq. Tentativas restantes: 1. a esperar 4s.
2025-12-11 17:09:06,304 - MissionLink-1 - INFO - Mae não deu missão (MAck). Esperar 10s.
2025-12-11 17:09:16,307 - MissionLink-1 - INFO - A pedir missao (Seq 141)...
2025-12-11 17:09:18,309 - MissionLink-1 - WARNING - Socket timeout no envio de MReq. Tentativas restantes: 2. a esperar 2s.
2025-12-11 17:09:22,314 - MissionLink-1 - WARNING - Socket timeout no envio de MReq. Tentativas restantes: 1. a esperar 4s.
2025-12-11 17:09:26,318 - MissionLink-1 - INFO - Mae não deu missão (MAck). Esperar 10s.
2025-12-11 17:09:31,627 - Physics-1 - WARNING - Bateria em 20.0%. Entrando em MODO DE RECARGA (30s).
2025-12-11 17:09:36,329 - MissionLink-1 - INFO - Em modo de recarga. A aguardar...
2025-12-11 17:09:41,334 - MissionLink-1 - INFO - Em modo de recarga. A aguardar...
2025-12-11 17:09:46,339 - MissionLink-1 - INFO - Em modo de recarga. A aguardar...
2025-12-11 17:09:51,341 - MissionLink-1 - INFO - Em modo de recarga. A aguardar...
2025-12-11 17:09:56,347 - MissionLink-1 - INFO - Em modo de recarga. A aguardar...
2025-12-11 17:10:01,352 - MissionLink-1 - INFO - Em modo de recarga. A aguardar...
2025-12-11 17:10:01,658 - Physics-1 - INFO - RECARGA FORÇADA COMPLETA! Bateria a 100%. Rover pronto para missões.
2025-12-11 17:10:06,357 - MissionLink-1 - INFO - A pedir missao (Seq 142)...
2025-12-11 17:10:08,359 - MissionLink-1 - WARNING - Socket timeout no envio de MReq. Tentativas restantes: 2. a esperar 2s.
2025-12-11 17:10:12,364 - MissionLink-1 - WARNING - Socket timeout no envio de MReq. Tentativas restantes: 1. a esperar 4s.
2025-12-11 17:10:16,368 - MissionLink-1 - INFO - Mae não deu missão (MAck). Esperar 10s.
2025-12-11 17:10:26,377 - MissionLink-1 - INFO - A pedir missao (Seq 143)...
2025-12-11 17:10:28,379 - MissionLink-1 - WARNING - Socket timeout no envio de MReq. Tentativas restantes: 2. a esperar 2s.
2025-12-11 17:10:32,384 - MissionLink-1 - WARNING - Socket timeout no envio de MReq. Tentativas restantes: 1. a esperar 4s.
2025-12-11 17:10:36,389 - MissionLink-1 - INFO - Mae não deu missão (MAck). Esperar 10s.
2025-12-11 17:10:46,399 - MissionLink-1 - INFO - A pedir missao (Seq 144)...
2025-12-11 17:10:48,402 - MissionLink-1 - WARNING - Socket timeout no envio de MReq. Tentativas restantes: 2. a esperar 2s.
2025-12-11 17:10:52,407 - MissionLink-1 - WARNING - Socket timeout no envio de MReq. Tentativas restantes: 1. a esperar 4s.
2025-12-11 17:10:56,412 - MissionLink-1 - INFO - Mae não deu missão (MAck). Esperar 10s.
2025-12-11 17:11:06,422 - MissionLink-1 - INFO - A pedir missao (Seq 145)...
2025-12-11 17:11:08,425 - MissionLink-1 - WARNING - Socket timeout no envio de MReq. Tentativas restantes: 2. a esperar 2s.
2025-12-11 17:11:12,429 - MissionLink-1 - WARNING - Socket timeout no envio de MReq. Tentativas restantes: 1. a esperar 4s.
2025-12-11 17:11:16,434 - MissionLink-1 - INFO - Mae não deu missão (MAck). Esperar 10s.
2025-12-11 17:11:26,444 - MissionLink-1 - INFO - A pedir missao (Seq 146)...
2025-12-11 17:11:28,446 - MissionLink-1 - WARNING - Socket timeout no envio de MReq. Tentativas restantes: 2. a esperar 2s.
2025-12-11 17:11:32,451 - MissionLink-1 - WARNING - Socket timeout no envio de MReq. Tentativas restantes: 1. a esperar 4s.
2025-12-11 17:11:36,455 - MissionLink-1 - INFO - Mae não deu missão (MAck). Esperar 10s.
2025-12-11 17:11:46,465 - MissionLink-1 - INFO - A pedir missao (Seq 147)...
2025-12-11 17:11:48,468 - MissionLink-1 - WARNING - Socket timeout no envio de MReq. Tentativas restantes: 2. a esperar 2s.
2025-12-11 17:11:52,472 - MissionLink-1 - WARNING - Socket timeout no envio de MReq. Tentativas restantes: 1. a esperar 4s.
2025-12-11 17:11:56,476 - MissionLink-1 - INFO - Mae não deu missão (MAck). Esperar 10s.
2025-12-11 17:12:06,478 - MissionLink-1 - INFO - A pedir missao (Seq 148)...
2025-12-11 17:12:08,480 - MissionLink-1 - WARNING - Socket timeout no envio de MReq. Tentativas restantes: 2. a esperar 2s.
2025-12-11 17:12:12,485 - MissionLink-1 - WARNING - Socket timeout no envio de MReq. Tentativas restantes: 1. a esperar 4s.
2025-12-11 17:12:16,487 - MissionLink-1 - INFO - Mae não deu missão (MAck). Esperar 10s.
2025-12-11 17:12:26,493 - MissionLink-1 - INFO - A pedir missao (Seq 149)...
2025-12-11 17:12:28,494 - MissionLink-1 - WARNING - Socket timeout no envio de MReq. Tentativas restantes: 2. a esperar 2s.
2025-12-11 17:12:32,498 - MissionLink-1 - WARNING - Socket timeout no envio de MReq. Tentativas restantes: 1. a esperar 4s.
2025-12-11 17:12:36,503 - MissionLink-1 - INFO - Mae não deu missão (MAck). Esperar 10s.
2025-12-11 17:12:46,505 - MissionLink-1 - INFO - A pedir missao (Seq 150)...
2025-12-11 17:12:48,507 - MissionLink-1 - WARNING - Socket timeout no envio de MReq. Tentativas restantes: 2. a esperar 2s.
2025-12-11 17:12:52,512 - MissionLink-1 - WARNING - Socket timeout no envio de MReq. Tentativas restantes: 1. a esperar 4s.
2025-12-11 17:12:56,517 - MissionLink-1 - INFO - Mae não deu missão (MAck). Esperar 10s.
2025-12-11 17:13:06,526 - MissionLink-1 - INFO - A pedir missao (Seq 151)...
2025-12-11 17:13:08,529 - MissionLink-1 - WARNING - Socket timeout no envio de MReq. Tentativas restantes: 2. a esperar 2s.
2025-12-11 17:13:12,533 - MissionLink-1 - WARNING - Socket timeout no envio de MReq. Tentativas restantes: 1. a esperar 4s.
2025-12-11 17:13:16,536 - MissionLink-1 - INFO - Mae não deu missão (MAck). Esperar 10s.
2025-12-11 17:13:26,544 - MissionLink-1 - INFO - A pedir missao (Seq 152)...
2025-12-11 17:13:28,547 - MissionLink-1 - WARNING - Socket timeout no envio de MReq. Tentativas restantes: 2. a esperar 2s.
2025-12-11 17:13:32,550 - MissionLink-1 - WARNING - Socket timeout no envio de MReq. Tentativas restantes: 1. a esperar 4s.
2025-12-11 17:13:36,555 - MissionLink-1 - INFO - Mae não deu missão (MAck). Esperar 10s.
2025-12-11 17:13:46,565 - MissionLink-1 - INFO - A pedir missao (Seq 153)...
2025-12-11 17:13:48,566 - MissionLink-1 - WARNING - Socket timeout no envio de MReq. Tentativas restantes: 2. a esperar 2s.
2025-12-11 17:13:52,604 - MissionLink-1 - WARNING - Socket timeout no envio de MReq. Tentativas restantes: 1. a esperar 4s.
2025-12-11 17:13:56,609 - MissionLink-1 - INFO - Mae não deu missão (MAck). Esperar 10s.
2025-12-11 17:14:06,614 - MissionLink-1 - INFO - A pedir missao (Seq 154)...
2025-12-11 17:14:08,616 - MissionLink-1 - WARNING - Socket timeout no envio de MReq. Tentativas restantes: 2. a esperar 2s.
2025-12-11 17:14:12,620 - MissionLink-1 - WARNING - Socket timeout no envio de MReq. Tentativas restantes: 1. a esperar 4s.
2025-12-11 17:14:16,625 - MissionLink-1 - INFO - Mae não deu missão (MAck). Esperar 10s.
2025-12-11 17:14:26,630 - MissionLink-1 - INFO - A pedir missao (Seq 155)...
2025-12-11 17:14:28,632 - MissionLink-1 - WARNING - Socket timeout no envio de MReq. Tentativas restantes: 2. a esperar 2s.
2025-12-11 17:14:32,637 - MissionLink-1 - WARNING - Socket timeout no envio de MReq. Tentativas restantes: 1. a esperar 4s.
2025-12-11 17:14:36,642 - MissionLink-1 - INFO - Mae não deu missão (MAck). Esperar 10s.
2025-12-11 17:14:46,645 - MissionLink-1 - INFO - A pedir missao (Seq 156)...
2025-12-11 17:14:48,646 - MissionLink-1 - WARNING - Socket timeout no envio de MReq. Tentativas restantes: 2. a esperar 2s.
2025-12-11 17:14:52,650 - MissionLink-1 - WARNING - Socket timeout no envio de MReq. Tentativas restantes: 1. a esperar 4s.
2025-12-11 17:14:56,655 - MissionLink-1 - INFO - Mae não deu missão (MAck). Esperar 10s.
2025-12-11 17:15:06,658 - MissionLink-1 - INFO - A pedir missao (Seq 157)...
2025-12-11 17:15:08,660 - MissionLink-1 - WARNING - Socket timeout no envio de MReq. Tentativas restantes: 2. a esperar 2s.
2025-12-11 17:15:12,664 - MissionLink-1 - WARNING - Socket timeout no envio de MReq. Tentativas restantes: 1. a esperar 4s.
2025-12-11 17:15:16,669 - MissionLink-1 - INFO - Mae não deu missão (MAck). Esperar 10s.
2025-12-11 17:15:26,675 - MissionLink-1 - INFO - A pedir missao (Seq 158)...
2025-12-11 17:15:28,677 - MissionLink-1 - WARNING - Socket timeout no envio de MReq. Tentativas restantes: 2. a esperar 2s.
2025-12-11 17:15:32,682 - MissionLink-1 - WARNING - Socket timeout no envio de MReq. Tentativas restantes: 1. a esperar 4s.
2025-12-11 17:15:36,687 - MissionLink-1 - INFO - Mae não deu missão (MAck). Esperar 10s.
2025-12-11 17:15:46,697 - MissionLink-1 - INFO - A pedir missao (Seq 159)...
2025-12-11 17:15:48,700 - MissionLink-1 - WARNING - Socket timeout no envio de MReq. Tentativas restantes: 2. a esperar 2s.
2025-12-11 17:15:52,704 - MissionLink-1 - WARNING - Socket timeout no envio de MReq. Tentativas restantes: 1. a esperar 4s.
2025-12-11 17:15:56,709 - MissionLink-1 - INFO - Mae não deu missão (MAck). Esperar 10s.
2025-12-11 17:16:06,713 - MissionLink-1 - INFO - A pedir missao (Seq 160)...
2025-12-11 17:16:08,714 - MissionLink-1 - WARNING - Socket timeout no envio de MReq. Tentativas restantes: 2. a esperar 2s.
2025-12-11 17:16:12,718 - MissionLink-1 - WARNING - Socket timeout no envio de MReq. Tentativas restantes: 1. a esperar 4s.
2025-12-11 17:16:16,723 - MissionLink-1 - INFO - Mae não deu missão (MAck). Esperar 10s.
2025-12-11 17:16:26,733 - MissionLink-1 - INFO - A pedir missao (Seq 161)...
2025-12-11 17:16:28,735 - MissionLink-1 - WARNING - Socket timeout no envio de MReq. Tentativas restantes: 2. a esperar 2s.
2025-12-11 17:16:32,739 - MissionLink-1 - WARNING - Socket timeout no envio de MReq. Tentativas restantes: 1. a esperar 4s.
2025-12-11 17:16:36,740 - MissionLink-1 - INFO - Mae não deu missão (MAck). Esperar 10s.
2025-12-11 17:16:42,065 - Physics-1 - WARNING - Bateria em 20.0%. Entrando em MODO DE RECARGA (30s).
2025-12-11 17:16:46,745 - MissionLink-1 - INFO - Em modo de recarga. A aguardar...
2025-12-11 17:16:51,750 - MissionLink-1 - INFO - Em modo de recarga. A aguardar...
2025-12-11 17:16:56,755 - MissionLink-1 - INFO - Em modo de recarga. A aguardar...
2025-12-11 17:17:01,759 - MissionLink-1 - INFO - Em modo de recarga. A aguardar...
2025-12-11 17:17:06,765 - MissionLink-1 - INFO - Em modo de recarga. A aguardar...
2025-12-11 17:17:11,770 - MissionLink-1 - INFO - Em modo de recarga. A aguardar...
2025-12-11 17:17:12,095 - Physics-1 - INFO - RECARGA FORÇADA COMPLETA! Bateria a 100%. Rover pronto para missões.
2025-12-11 17:17:16,776 - MissionLink-1 - INFO - A pedir missao (Seq 162)...
2025-12-11 17:17:18,777 - MissionLink-1 - WARNING - Socket timeout no envio de MReq. Tentativas restantes: 2. a esperar 2s.
2025-12-11 17:17:22,782 - MissionLink-1 - WARNING - Socket timeout no envio de MReq. Tentativas restantes: 1. a esperar 4s.
2025-12-11 17:17:26,785 - MissionLink-1 - INFO - Mae não deu missão (MAck). Esperar 10s.
2025-12-11 17:17:36,793 - MissionLink-1 - INFO - A pedir missao (Seq 163)...
2025-12-11 17:17:38,795 - MissionLink-1 - WARNING - Socket timeout no envio de MReq. Tentativas restantes: 2. a esperar 2s.
2025-12-11 17:17:42,799 - MissionLink-1 - WARNING - Socket timeout no envio de MReq. Tentativas restantes: 1. a esperar 4s.
2025-12-11 17:17:46,803 - MissionLink-1 - INFO - Mae não deu missão (MAck). Esperar 10s.
2025-12-11 17:17:56,809 - MissionLink-1 - INFO - A pedir missao (Seq 164)...
2025-12-11 17:17:58,811 - MissionLink-1 - WARNING - Socket timeout no envio de MReq. Tentativas restantes: 2. a esperar 2s.
2025-12-11 17:18:02,815 - MissionLink-1 - WARNING - Socket timeout no envio de MReq. Tentativas restantes: 1. a esperar 4s.
2025-12-11 17:18:06,820 - MissionLink-1 - INFO - Mae não deu missão (MAck). Esperar 10s.
2025-12-11 17:18:16,829 - MissionLink-1 - INFO - A pedir missao (Seq 165)...
2025-12-11 17:18:18,831 - MissionLink-1 - WARNING - Socket timeout no envio de MReq. Tentativas restantes: 2. a esperar 2s.
2025-12-11 17:18:22,835 - MissionLink-1 - WARNING - Socket timeout no envio de MReq. Tentativas restantes: 1. a esperar 4s.
2025-12-11 17:18:26,840 - MissionLink-1 - INFO - Mae não deu missão (MAck). Esperar 10s.
2025-12-11 17:18:36,849 - MissionLink-1 - INFO - A pedir missao (Seq 166)...
2025-12-11 17:18:38,851 - MissionLink-1 - WARNING - Socket timeout no envio de MReq. Tentativas restantes: 2. a esperar 2s.
2025-12-11 17:18:42,855 - MissionLink-1 - WARNING - Socket timeout no envio de MReq. Tentativas restantes: 1. a esperar 4s.
2025-12-11 17:18:46,860 - MissionLink-1 - INFO - Mae não deu missão (MAck). Esperar 10s.
2025-12-11 17:18:56,864 - MissionLink-1 - INFO - A pedir missao (Seq 167)...
2025-12-11 17:18:58,867 - MissionLink-1 - WARNING - Socket timeout no envio de MReq. Tentativas restantes: 2. a esperar 2s.
2025-12-11 17:19:02,871 - MissionLink-1 - WARNING - Socket timeout no envio de MReq. Tentativas restantes: 1. a esperar 4s.
2025-12-11 17:19:06,876 - MissionLink-1 - INFO - Mae não deu missão (MAck). Esperar 10s.
2025-12-11 17:19:16,886 - MissionLink-1 - INFO - A pedir missao (Seq 168)...
2025-12-11 17:19:18,889 - MissionLink-1 - WARNING - Socket timeout no envio de MReq. Tentativas restantes: 2. a esperar 2s.
2025-12-11 17:19:22,894 - MissionLink-1 - WARNING - Socket timeout no envio de MReq. Tentativas restantes: 1. a esperar 4s.
2025-12-11 17:19:26,899 - MissionLink-1 - INFO - Mae não deu missão (MAck). Esperar 10s.
2025-12-11 17:19:36,909 - MissionLink-1 - INFO - A pedir missao (Seq 169)...
2025-12-11 17:19:38,912 - MissionLink-1 - WARNING - Socket timeout no envio de MReq. Tentativas restantes: 2. a esperar 2s.
2025-12-11 17:19:42,916 - MissionLink-1 - WARNING - Socket timeout no envio de MReq. Tentativas restantes: 1. a esperar 4s.
2025-12-11 17:19:46,921 - MissionLink-1 - INFO - Mae não deu missão (MAck). Esperar 10s.
2025-12-11 17:19:56,932 - MissionLink-1 - INFO - A pedir missao (Seq 170)...
2025-12-11 17:19:58,934 - MissionLink-1 - WARNING - Socket timeout no envio de MReq. Tentativas restantes: 2. a esperar 2s.
2025-12-11 17:20:02,938 - MissionLink-1 - WARNING - Socket timeout no envio de MReq. Tentativas restantes: 1. a esperar 4s.
2025-12-11 17:20:06,943 - MissionLink-1 - INFO - Mae não deu missão (MAck). Esperar 10s.
2025-12-11 17:20:16,953 - MissionLink-1 - INFO - A pedir missao (Seq 171)...
2025-12-11 17:20:18,955 - MissionLink-1 - WARNING - Socket timeout no envio de MReq. Tentativas restantes: 2. a esperar 2s.
2025-12-11 17:20:22,960 - MissionLink-1 - WARNING - Socket timeout no envio de MReq. Tentativas restantes: 1. a esperar 4s.
2025-12-11 17:20:26,962 - MissionLink-1 - INFO - Mae não deu missão (MAck). Esperar 10s.
2025-12-11 17:20:36,970 - MissionLink-1 - INFO - A pedir missao (Seq 172)...
2025-12-11 17:20:38,973 - MissionLink-1 - WARNING - Socket timeout no envio de MReq. Tentativas restantes: 2. a esperar 2s.
2025-12-11 17:20:42,978 - MissionLink-1 - WARNING - Socket timeout no envio de MReq. Tentativas restantes: 1. a esperar 4s.
2025-12-11 17:20:46,983 - MissionLink-1 - INFO - Mae não deu missão (MAck). Esperar 10s.
2025-12-11 17:20:56,993 - MissionLink-1 - INFO - A pedir missao (Seq 173)...
2025-12-11 17:20:58,996 - MissionLink-1 - WARNING - Socket timeout no envio de MReq. Tentativas restantes: 2. a esperar 2s.
2025-12-11 17:21:03,000 - MissionLink-1 - WARNING - Socket timeout no envio de MReq. Tentativas restantes: 1. a esperar 4s.
2025-12-11 17:21:07,003 - MissionLink-1 - INFO - Mae não deu missão (MAck). Esperar 10s.
2025-12-11 17:21:17,013 - MissionLink-1 - INFO - A pedir missao (Seq 174)...
2025-12-11 17:21:19,015 - MissionLink-1 - WARNING - Socket timeout no envio de MReq. Tentativas restantes: 2. a esperar 2s.
2025-12-11 17:21:23,020 - MissionLink-1 - WARNING - Socket timeout no envio de MReq. Tentativas restantes: 1. a esperar 4s.
2025-12-11 17:21:27,022 - MissionLink-1 - INFO - Mae não deu missão (MAck). Esperar 10s.
2025-12-11 17:21:37,027 - MissionLink-1 - INFO - A pedir missao (Seq 175)...
2025-12-11 17:21:39,029 - MissionLink-1 - WARNING - Socket timeout no envio de MReq. Tentativas restantes: 2. a esperar 2s.
2025-12-11 17:21:43,032 - MissionLink-1 - WARNING - Socket timeout no envio de MReq. Tentativas restantes: 1. a esperar 4s.
2025-12-11 17:21:47,037 - MissionLink-1 - INFO - Mae não deu missão (MAck). Esperar 10s.
2025-12-11 17:21:57,044 - MissionLink-1 - INFO - A pedir missao (Seq 176)...
2025-12-11 17:21:59,047 - MissionLink-1 - WARNING - Socket timeout no envio de MReq. Tentativas restantes: 2. a esperar 2s.
2025-12-11 17:22:03,051 - MissionLink-1 - WARNING - Socket timeout no envio de MReq. Tentativas restantes: 1. a esperar 4s.
2025-12-11 17:22:07,056 - MissionLink-1 - INFO - Mae não deu missão (MAck). Esperar 10s.
2025-12-11 17:22:17,062 - MissionLink-1 - INFO - A pedir missao (Seq 177)...
2025-12-11 17:22:19,064 - MissionLink-1 - WARNING - Socket timeout no envio de MReq. Tentativas restantes: 2. a esperar 2s.
2025-12-11 17:22:23,068 - MissionLink-1 - WARNING - Socket timeout no envio de MReq. Tentativas restantes: 1. a esperar 4s.
2025-12-11 17:22:27,073 - MissionLink-1 - INFO - Mae não deu missão (MAck). Esperar 10s.
2025-12-11 17:22:37,075 - MissionLink-1 - INFO - A pedir missao (Seq 178)...
2025-12-11 17:22:39,077 - MissionLink-1 - WARNING - Socket timeout no envio de MReq. Tentativas restantes: 2. a esperar 2s.
2025-12-11 17:22:43,082 - MissionLink-1 - WARNING - Socket timeout no envio de MReq. Tentativas restantes: 1. a esperar 4s.
2025-12-11 17:22:47,087 - MissionLink-1 - INFO - Mae não deu missão (MAck). Esperar 10s.
2025-12-11 17:22:57,097 - MissionLink-1 - INFO - A pedir missao (Seq 179)...
2025-12-11 17:22:59,100 - MissionLink-1 - WARNING - Socket timeout no envio de MReq. Tentativas restantes: 2. a esperar 2s.
2025-12-11 17:23:03,104 - MissionLink-1 - WARNING - Socket timeout no envio de MReq. Tentativas restantes: 1. a esperar 4s.
2025-12-11 17:23:07,109 - MissionLink-1 - INFO - Mae não deu missão (MAck). Esperar 10s.
2025-12-11 17:23:17,120 - MissionLink-1 - INFO - A pedir missao (Seq 180)...
2025-12-11 17:23:19,122 - MissionLink-1 - WARNING - Socket timeout no envio de MReq. Tentativas restantes: 2. a esperar 2s.
2025-12-11 17:23:23,127 - MissionLink-1 - WARNING - Socket timeout no envio de MReq. Tentativas restantes: 1. a esperar 4s.
2025-12-11 17:23:27,132 - MissionLink-1 - INFO - Mae não deu missão (MAck). Esperar 10s.
2025-12-11 17:23:37,136 - MissionLink-1 - INFO - A pedir missao (Seq 181)...
2025-12-11 17:23:39,138 - MissionLink-1 - WARNING - Socket timeout no envio de MReq. Tentativas restantes: 2. a esperar 2s.
2025-12-11 17:23:43,143 - MissionLink-1 - WARNING - Socket timeout no envio de MReq. Tentativas restantes: 1. a esperar 4s.
2025-12-11 17:23:47,147 - MissionLink-1 - INFO - Mae não deu missão (MAck). Esperar 10s.
2025-12-11 17:23:52,501 - Physics-1 - WARNING - Bateria em 20.0%. Entrando em MODO DE RECARGA (30s).
2025-12-11 17:23:57,155 - MissionLink-1 - INFO - Em modo de recarga. A aguardar...
2025-12-11 17:24:02,158 - MissionLink-1 - INFO - Em modo de recarga. A aguardar...
2025-12-11 17:24:07,163 - MissionLink-1 - INFO - Em modo de recarga. A aguardar...
2025-12-11 17:24:12,169 - MissionLink-1 - INFO - Em modo de recarga. A aguardar...
2025-12-11 17:24:17,174 - MissionLink-1 - INFO - Em modo de recarga. A aguardar...
2025-12-11 17:24:22,176 - MissionLink-1 - INFO - Em modo de recarga. A aguardar...
2025-12-11 17:24:22,530 - Physics-1 - INFO - RECARGA FORÇADA COMPLETA! Bateria a 100%. Rover pronto para missões.
2025-12-11 17:24:27,181 - MissionLink-1 - INFO - A pedir missao (Seq 182)...
2025-12-11 17:24:29,183 - MissionLink-1 - WARNING - Socket timeout no envio de MReq. Tentativas restantes: 2. a esperar 2s.
2025-12-11 17:24:33,187 - MissionLink-1 - WARNING - Socket timeout no envio de MReq. Tentativas restantes: 1. a esperar 4s.
2025-12-11 17:24:37,192 - MissionLink-1 - INFO - Mae não deu missão (MAck). Esperar 10s.
2025-12-11 17:24:47,199 - MissionLink-1 - INFO - A pedir missao (Seq 183)...
2025-12-11 17:24:49,201 - MissionLink-1 - WARNING - Socket timeout no envio de MReq. Tentativas restantes: 2. a esperar 2s.
2025-12-11 17:24:53,205 - MissionLink-1 - WARNING - Socket timeout no envio de MReq. Tentativas restantes: 1. a esperar 4s.
2025-12-11 17:24:57,207 - MissionLink-1 - INFO - Mae não deu missão (MAck). Esperar 10s.
2025-12-11 17:25:07,212 - MissionLink-1 - INFO - A pedir missao (Seq 184)...
2025-12-11 17:25:09,214 - MissionLink-1 - WARNING - Socket timeout no envio de MReq. Tentativas restantes: 2. a esperar 2s.
2025-12-11 17:25:13,218 - MissionLink-1 - WARNING - Socket timeout no envio de MReq. Tentativas restantes: 1. a esperar 4s.
2025-12-11 17:25:17,223 - MissionLink-1 - INFO - Mae não deu missão (MAck). Esperar 10s.
2025-12-11 17:25:27,230 - MissionLink-1 - INFO - A pedir missao (Seq 185)...
2025-12-11 17:25:29,232 - MissionLink-1 - WARNING - Socket timeout no envio de MReq. Tentativas restantes: 2. a esperar 2s.
2025-12-11 17:25:33,237 - MissionLink-1 - WARNING - Socket timeout no envio de MReq. Tentativas restantes: 1. a esperar 4s.
2025-12-11 17:25:37,241 - MissionLink-1 - INFO - Mae não deu missão (MAck). Esperar 10s.
2025-12-11 17:25:47,246 - MissionLink-1 - INFO - A pedir missao (Seq 186)...
2025-12-11 17:25:49,247 - MissionLink-1 - WARNING - Socket timeout no envio de MReq. Tentativas restantes: 2. a esperar 2s.
2025-12-11 17:25:53,251 - MissionLink-1 - WARNING - Socket timeout no envio de MReq. Tentativas restantes: 1. a esperar 4s.
2025-12-11 17:25:57,254 - MissionLink-1 - INFO - Mae não deu missão (MAck). Esperar 10s.
2025-12-11 17:26:07,265 - MissionLink-1 - INFO - A pedir missao (Seq 187)...
2025-12-11 17:26:09,267 - MissionLink-1 - WARNING - Socket timeout no envio de MReq. Tentativas restantes: 2. a esperar 2s.
2025-12-11 17:26:13,272 - MissionLink-1 - WARNING - Socket timeout no envio de MReq. Tentativas restantes: 1. a esperar 4s.
2025-12-11 17:26:17,276 - MissionLink-1 - INFO - Mae não deu missão (MAck). Esperar 10s.
2025-12-11 17:26:27,280 - MissionLink-1 - INFO - A pedir missao (Seq 188)...
2025-12-11 17:26:29,282 - MissionLink-1 - WARNING - Socket timeout no envio de MReq. Tentativas restantes: 2. a esperar 2s.
2025-12-11 17:26:33,287 - MissionLink-1 - WARNING - Socket timeout no envio de MReq. Tentativas restantes: 1. a esperar 4s.
2025-12-11 17:26:37,292 - MissionLink-1 - INFO - Mae não deu missão (MAck). Esperar 10s.
2025-12-11 17:26:47,297 - MissionLink-1 - INFO - A pedir missao (Seq 189)...
2025-12-11 17:26:49,298 - MissionLink-1 - WARNING - Socket timeout no envio de MReq. Tentativas restantes: 2. a esperar 2s.
2025-12-11 17:26:53,303 - MissionLink-1 - WARNING - Socket timeout no envio de MReq. Tentativas restantes: 1. a esperar 4s.
2025-12-11 17:26:57,304 - MissionLink-1 - INFO - Mae não deu missão (MAck). Esperar 10s.
2025-12-11 17:27:07,306 - MissionLink-1 - INFO - A pedir missao (Seq 190)...
2025-12-11 17:27:09,308 - MissionLink-1 - WARNING - Socket timeout no envio de MReq. Tentativas restantes: 2. a esperar 2s.
2025-12-11 17:27:13,313 - MissionLink-1 - WARNING - Socket timeout no envio de MReq. Tentativas restantes: 1. a esperar 4s.
2025-12-11 17:27:17,318 - MissionLink-1 - INFO - Mae não deu missão (MAck). Esperar 10s.
2025-12-11 17:27:27,328 - MissionLink-1 - INFO - A pedir missao (Seq 191)...
2025-12-11 17:27:29,330 - MissionLink-1 - WARNING - Socket timeout no envio de MReq. Tentativas restantes: 2. a esperar 2s.
2025-12-11 17:27:33,335 - MissionLink-1 - WARNING - Socket timeout no envio de MReq. Tentativas restantes: 1. a esperar 4s.
2025-12-11 17:27:37,340 - MissionLink-1 - INFO - Mae não deu missão (MAck). Esperar 10s.
2025-12-11 17:27:47,350 - MissionLink-1 - INFO - A pedir missao (Seq 192)...
2025-12-11 17:27:49,353 - MissionLink-1 - WARNING - Socket timeout no envio de MReq. Tentativas restantes: 2. a esperar 2s.
2025-12-11 17:27:53,358 - MissionLink-1 - WARNING - Socket timeout no envio de MReq. Tentativas restantes: 1. a esperar 4s.
2025-12-11 17:27:57,363 - MissionLink-1 - INFO - Mae não deu missão (MAck). Esperar 10s.
2025-12-11 17:28:07,373 - MissionLink-1 - INFO - A pedir missao (Seq 193)...
2025-12-11 17:28:09,376 - MissionLink-1 - WARNING - Socket timeout no envio de MReq. Tentativas restantes: 2. a esperar 2s.
2025-12-11 17:28:13,381 - MissionLink-1 - WARNING - Socket timeout no envio de MReq. Tentativas restantes: 1. a esperar 4s.
2025-12-11 17:28:17,386 - MissionLink-1 - INFO - Mae não deu missão (MAck). Esperar 10s.
2025-12-11 17:28:27,387 - MissionLink-1 - INFO - A pedir missao (Seq 194)...
2025-12-11 17:28:29,390 - MissionLink-1 - WARNING - Socket timeout no envio de MReq. Tentativas restantes: 2. a esperar 2s.
2025-12-11 17:28:33,394 - MissionLink-1 - WARNING - Socket timeout no envio de MReq. Tentativas restantes: 1. a esperar 4s.
2025-12-11 17:28:37,398 - MissionLink-1 - INFO - Mae não deu missão (MAck). Esperar 10s.
2025-12-11 17:28:47,408 - MissionLink-1 - INFO - A pedir missao (Seq 195)...
2025-12-11 17:28:49,409 - MissionLink-1 - WARNING - Socket timeout no envio de MReq. Tentativas restantes: 2. a esperar 2s.
2025-12-11 17:28:53,414 - MissionLink-1 - WARNING - Socket timeout no envio de MReq. Tentativas restantes: 1. a esperar 4s.
2025-12-11 17:28:57,415 - MissionLink-1 - INFO - Mae não deu missão (MAck). Esperar 10s.
2025-12-11 17:29:07,425 - MissionLink-1 - INFO - A pedir missao (Seq 196)...
2025-12-11 17:29:09,427 - MissionLink-1 - WARNING - Socket timeout no envio de MReq. Tentativas restantes: 2. a esperar 2s.
2025-12-11 17:29:13,432 - MissionLink-1 - WARNING - Socket timeout no envio de MReq. Tentativas restantes: 1. a esperar 4s.
2025-12-11 17:29:17,436 - MissionLink-1 - INFO - Mae não deu missão (MAck). Esperar 10s.
2025-12-11 17:29:27,446 - MissionLink-1 - INFO - A pedir missao (Seq 197)...
2025-12-11 17:29:29,448 - MissionLink-1 - WARNING - Socket timeout no envio de MReq. Tentativas restantes: 2. a esperar 2s.
2025-12-11 17:29:33,452 - MissionLink-1 - WARNING - Socket timeout no envio de MReq. Tentativas restantes: 1. a esperar 4s.
2025-12-11 17:29:37,456 - MissionLink-1 - INFO - Mae não deu missão (MAck). Esperar 10s.
2025-12-11 17:29:47,467 - MissionLink-1 - INFO - A pedir missao (Seq 198)...
2025-12-11 17:29:49,469 - MissionLink-1 - WARNING - Socket timeout no envio de MReq. Tentativas restantes: 2. a esperar 2s.
2025-12-11 17:29:53,473 - MissionLink-1 - WARNING - Socket timeout no envio de MReq. Tentativas restantes: 1. a esperar 4s.
2025-12-11 17:29:57,477 - MissionLink-1 - INFO - Mae não deu missão (MAck). Esperar 10s.
2025-12-11 17:30:07,482 - MissionLink-1 - INFO - A pedir missao (Seq 199)...
2025-12-11 17:30:09,484 - MissionLink-1 - WARNING - Socket timeout no envio de MReq. Tentativas restantes: 2. a esperar 2s.
2025-12-11 17:30:13,488 - MissionLink-1 - WARNING - Socket timeout no envio de MReq. Tentativas restantes: 1. a esperar 4s.
2025-12-11 17:30:17,493 - MissionLink-1 - INFO - Mae não deu missão (MAck). Esperar 10s.
2025-12-11 17:30:27,498 - MissionLink-1 - INFO - A pedir missao (Seq 200)...
2025-12-11 17:30:29,500 - MissionLink-1 - WARNING - Socket timeout no envio de MReq. Tentativas restantes: 2. a esperar 2s.
2025-12-11 17:30:33,504 - MissionLink-1 - WARNING - Socket timeout no envio de MReq. Tentativas restantes: 1. a esperar 4s.
2025-12-11 17:30:37,509 - MissionLink-1 - INFO - Mae não deu missão (MAck). Esperar 10s.
2025-12-11 17:30:47,519 - MissionLink-1 - INFO - A pedir missao (Seq 201)...
2025-12-11 17:30:49,522 - MissionLink-1 - WARNING - Socket timeout no envio de MReq. Tentativas restantes: 2. a esperar 2s.
2025-12-11 17:30:53,525 - MissionLink-1 - WARNING - Socket timeout no envio de MReq. Tentativas restantes: 1. a esperar 4s.
2025-12-11 17:30:57,530 - MissionLink-1 - INFO - Mae não deu missão (MAck). Esperar 10s.
2025-12-11 17:31:02,946 - Physics-1 - WARNING - Bateria em 20.0%. Entrando em MODO DE RECARGA (30s).
2025-12-11 17:31:07,539 - MissionLink-1 - INFO - Em modo de recarga. A aguardar...
2025-12-11 17:31:12,545 - MissionLink-1 - INFO - Em modo de recarga. A aguardar...
2025-12-11 17:31:17,550 - MissionLink-1 - INFO - Em modo de recarga. A aguardar...
2025-12-11 17:31:22,554 - MissionLink-1 - INFO - Em modo de recarga. A aguardar...
2025-12-11 17:31:27,558 - MissionLink-1 - INFO - Em modo de recarga. A aguardar...
2025-12-11 17:31:32,564 - MissionLink-1 - INFO - Em modo de recarga. A aguardar...
2025-12-11 17:31:32,975 - Physics-1 - INFO - RECARGA FORÇADA COMPLETA! Bateria a 100%. Rover pronto para missões.
2025-12-11 17:31:37,569 - MissionLink-1 - INFO - A pedir missao (Seq 202)...
2025-12-11 17:31:39,571 - MissionLink-1 - WARNING - Socket timeout no envio de MReq. Tentativas restantes: 2. a esperar 2s.
2025-12-11 17:31:43,575 - MissionLink-1 - WARNING - Socket timeout no envio de MReq. Tentativas restantes: 1. a esperar 4s.
2025-12-11 17:31:47,576 - MissionLink-1 - INFO - Mae não deu missão (MAck). Esperar 10s.
2025-12-11 17:31:57,587 - MissionLink-1 - INFO - A pedir missao (Seq 203)...
2025-12-11 17:31:59,588 - MissionLink-1 - WARNING - Socket timeout no envio de MReq. Tentativas restantes: 2. a esperar 2s.
2025-12-11 17:32:03,593 - MissionLink-1 - WARNING - Socket timeout no envio de MReq. Tentativas restantes: 1. a esperar 4s.
2025-12-11 17:32:07,597 - MissionLink-1 - INFO - Mae não deu missão (MAck). Esperar 10s.
2025-12-11 17:32:17,606 - MissionLink-1 - INFO - A pedir missao (Seq 204)...
2025-12-11 17:32:19,608 - MissionLink-1 - WARNING - Socket timeout no envio de MReq. Tentativas restantes: 2. a esperar 2s.
2025-12-11 17:32:23,612 - MissionLink-1 - WARNING - Socket timeout no envio de MReq. Tentativas restantes: 1. a esperar 4s.
2025-12-11 17:32:27,617 - MissionLink-1 - INFO - Mae não deu missão (MAck). Esperar 10s.
2025-12-11 17:32:37,626 - MissionLink-1 - INFO - A pedir missao (Seq 205)...
2025-12-11 17:32:39,628 - MissionLink-1 - WARNING - Socket timeout no envio de MReq. Tentativas restantes: 2. a esperar 2s.
2025-12-11 17:32:43,632 - MissionLink-1 - WARNING - Socket timeout no envio de MReq. Tentativas restantes: 1. a esperar 4s.
2025-12-11 17:32:47,637 - MissionLink-1 - INFO - Mae não deu missão (MAck). Esperar 10s.
2025-12-11 17:32:57,646 - MissionLink-1 - INFO - A pedir missao (Seq 206)...
2025-12-11 17:32:59,648 - MissionLink-1 - WARNING - Socket timeout no envio de MReq. Tentativas restantes: 2. a esperar 2s.
2025-12-11 17:33:03,653 - MissionLink-1 - WARNING - Socket timeout no envio de MReq. Tentativas restantes: 1. a esperar 4s.
2025-12-11 17:33:07,657 - MissionLink-1 - INFO - Mae não deu missão (MAck). Esperar 10s.
2025-12-11 17:33:17,667 - MissionLink-1 - INFO - A pedir missao (Seq 207)...
2025-12-11 17:33:19,669 - MissionLink-1 - WARNING - Socket timeout no envio de MReq. Tentativas restantes: 2. a esperar 2s.
2025-12-11 17:33:23,673 - MissionLink-1 - WARNING - Socket timeout no envio de MReq. Tentativas restantes: 1. a esperar 4s.
2025-12-11 17:33:26,495 - Main-1 - INFO - [Main] A desligar Rover (Ctrl+C)...
